order_id,order_date,customer_id,region,country,channel,category,quantity,revenue,cost,returned
1,2024-01-01,1372,EU,FR,app,Fashion,1,60.82,34.49,0
2,2024-01-02,626,APAC,IN,app,Home,1,106.16,72.82,0
3,2024-01-02,977,APAC,JP,app,Books,1,18.9,13.57,0
4,2024-01-02,169,EU,ES,app,Electronics,1,259.13,223.68,0
5,2024-01-02,544,LATAM,BR,retail,Beauty,1,25.17,12.12,0
6,2024-01-04,1193,LATAM,CO,app,Books,1,21.91,16.05,0
7,2024-01-05,24,APAC,JP,web,Sports,1,82.34,58.27,1
8,2024-01-06,810,North America,MX,web,Fashion,1,54.64,30.58,0
9,2024-01-07,161,North America,US,web,Grocery,1,34.62,30.53,0
10,2024-01-07,88,EU,IT,web,Home,1,68.14,41.9,0
11,2024-01-08,975,EU,IT,partner,Electronics,1,288.89,252.99,0
12,2024-01-08,242,EU,ES,retail,Sports,1,86.1,50.97,0
13,2024-01-09,1184,EU,GB,web,Toys,1,29.74,17.43,0
14,2024-01-09,1198,EU,IT,retail,Toys,1,31.94,20.84,0
15,2024-01-09,998,EU,GB,retail,Home,5,394.81,289.81,0
16,2024-01-10,1124,APAC,SG,web,Electronics,2,444.81,388.56,0
17,2024-01-11,891,North America,MX,app,Home,7,626.05,409.62,0
18,2024-01-12,861,EU,ES,web,Home,1,82.92,52.19,1
19,2024-01-13,405,LATAM,BR,partner,Electronics,4,950.41,792.81,0
20,2024-01-13,1021,EU,DE,web,Electronics,4,1196.41,916.66,0
21,2024-01-14,1456,EU,DE,app,Electronics,1,271.8,235.19,0
22,2024-01-15,977,APAC,JP,partner,Books,1,12.82,10.12,0
23,2024-01-15,1184,EU,GB,web,Grocery,2,50.76,41.8,0
24,2024-01-16,193,EU,ES,web,Beauty,2,79.29,37.52,0
25,2024-01-17,364,EU,PL,retail,Beauty,1,35.13,16.15,0
26,2024-01-18,276,EU,FR,app,Grocery,2,55.15,43.73,0
27,2024-01-21,442,North America,US,web,Beauty,1,49.89,25.11,0
28,2024-01-22,708,North America,CA,retail,Beauty,1,47.96,24.67,0
29,2024-01-22,458,North America,MX,app,Books,1,20.43,14.72,0
30,2024-01-25,764,EU,NL,app,Beauty,4,102.59,44.35,0
31,2024-01-26,1495,North America,US,partner,Sports,2,142.5,89.09,0
32,2024-01-27,24,APAC,JP,web,Books,1,22.66,16.29,0
33,2024-01-27,1487,APAC,JP,web,Electronics,2,514.88,458.52,0
34,2024-01-27,640,EU,DE,app,Grocery,2,64.74,52.79,0
35,2024-01-28,483,North America,MX,app,Sports,1,73.16,50.4,1
36,2024-01-29,971,North America,US,web,Home,1,71.64,50.58,0
37,2024-01-29,17,North America,CA,retail,Sports,1,62.1,42.33,0
38,2024-01-30,653,North America,MX,app,Electronics,2,520.53,399.38,0
39,2024-02-01,1223,LATAM,BR,retail,Home,4,253.21,186.73,0
40,2024-02-01,259,EU,PL,app,Electronics,2,513.87,416.23,0
41,2024-02-01,1008,APAC,JP,web,Home,4,394.36,291.36,0
42,2024-02-02,584,North America,CA,app,Sports,3,210.73,127.27,0
43,2024-02-04,437,EU,FR,app,Sports,1,88.74,53.56,0
44,2024-02-05,853,EU,NL,app,Home,4,263.7,193.3,0
45,2024-02-05,1230,North America,MX,app,Beauty,1,37.11,18.84,0
46,2024-02-05,277,North America,CA,retail,Beauty,1,33.6,17.3,0
47,2024-02-05,135,EU,PL,web,Fashion,1,56.96,30.62,0
48,2024-02-06,626,APAC,IN,web,Home,1,60.96,43.6,0
49,2024-02-06,902,North America,CA,web,Fashion,1,83.16,41.9,1
50,2024-02-07,852,EU,NL,web,Sports,4,342.37,211.94,0
51,2024-02-08,1046,LATAM,CL,web,Grocery,1,19.14,15.73,0
52,2024-02-09,246,North America,US,app,Grocery,2,68.97,54.89,0
53,2024-02-09,483,North America,MX,retail,Books,1,16.61,13.13,0
54,2024-02-09,1116,EU,GB,web,Fashion,4,213.24,111.58,1
55,2024-02-11,303,North America,CA,partner,Books,1,16.66,11.81,0
56,2024-02-12,591,EU,ES,app,Books,1,19.49,12.98,0
57,2024-02-12,1456,EU,DE,web,Sports,3,242.78,153.73,0
58,2024-02-13,928,North America,US,web,Toys,2,72.0,40.27,0
59,2024-02-13,1401,North America,MX,app,Electronics,2,443.86,374.89,0
60,2024-02-14,633,LATAM,CO,partner,Books,4,51.33,38.69,0
61,2024-02-15,1484,LATAM,CO,web,Electronics,2,578.78,505.31,0
62,2024-02-15,817,North America,CA,web,Grocery,2,64.0,52.18,0
63,2024-02-16,857,EU,ES,web,Fashion,1,43.04,21.79,0
64,2024-02-16,1153,North America,MX,web,Grocery,1,24.91,21.37,0
65,2024-02-17,321,EU,DE,retail,Toys,3,65.06,38.27,0
66,2024-02-18,1428,North America,US,retail,Books,1,24.48,18.49,0
67,2024-02-20,1317,LATAM,BR,app,Electronics,1,226.67,194.19,0
68,2024-02-20,519,EU,GB,partner,Home,1,74.59,48.04,0
69,2024-02-20,135,EU,PL,web,Electronics,5,1460.05,1312.97,0
70,2024-02-21,1127,LATAM,CL,app,Sports,5,397.89,240.63,0
71,2024-02-22,998,EU,GB,app,Sports,4,359.93,219.11,0
72,2024-02-23,703,LATAM,CO,web,Fashion,1,53.43,27.76,0
73,2024-02-23,812,EU,NL,retail,Fashion,5,335.56,173.63,0
74,2024-02-24,1385,North America,MX,app,Fashion,4,292.07,156.52,0
75,2024-02-24,1392,North America,MX,web,Home,5,361.18,228.09,0
76,2024-02-24,872,EU,DE,web,Grocery,2,61.45,53.78,0
77,2024-02-24,1332,North America,MX,partner,Fashion,1,80.97,47.15,0
78,2024-02-25,216,North America,CA,app,Home,1,103.53,65.81,0
79,2024-02-25,203,North America,CA,app,Home,1,98.78,63.35,0
80,2024-02-26,1139,EU,GB,web,Electronics,1,243.12,205.21,0
81,2024-02-27,176,North America,CA,partner,Beauty,1,38.49,17.09,0
82,2024-02-27,782,LATAM,BR,web,Beauty,1,27.64,13.25,0
83,2024-02-28,988,APAC,IN,partner,Electronics,1,213.75,183.04,0
84,2024-02-28,617,EU,PL,retail,Books,1,16.34,11.0,1
85,2024-02-29,662,North America,US,partner,Electronics,1,300.83,230.53,1
86,2024-02-29,1177,APAC,JP,web,Fashion,2,101.83,50.96,0
87,2024-03-01,1196,EU,GB,app,Beauty,3,91.58,48.31,0
88,2024-03-01,364,EU,PL,web,Electronics,3,683.34,552.66,0
89,2024-03-02,1442,LATAM,CO,web,Sports,5,286.98,189.22,0
90,2024-03-04,376,EU,NL,app,Books,2,30.08,23.34,0
91,2024-03-04,376,EU,NL,web,Sports,1,79.58,52.38,0
92,2024-03-05,49,APAC,SG,web,Home,4,407.09,286.64,0
93,2024-03-05,696,North America,CA,web,Toys,2,59.16,35.18,0
94,2024-03-06,822,EU,FR,retail,Fashion,1,74.41,42.8,0
95,2024-03-07,258,LATAM,CO,partner,Home,1,89.88,61.99,0
96,2024-03-07,1019,North America,US,web,Fashion,1,71.75,42.05,0
97,2024-03-08,937,APAC,SG,retail,Toys,1,36.87,23.31,0
98,2024-03-08,157,North America,MX,web,Toys,7,219.83,131.08,0
99,2024-03-09,442,North America,US,app,Grocery,1,28.4,24.42,0
100,2024-03-09,554,LATAM,BR,web,Grocery,1,18.48,15.86,0
101,2024-03-10,47,LATAM,CO,web,Toys,1,30.95,17.77,0
102,2024-03-11,43,North America,US,web,Home,1,106.16,74.45,0
103,2024-03-11,463,APAC,KR,web,Fashion,1,51.42,27.14,0
104,2024-03-12,951,North America,CA,web,Toys,5,184.14,109.3,0
105,2024-03-13,463,APAC,KR,retail,Electronics,1,310.91,252.64,1
106,2024-03-13,671,North America,CA,web,Books,4,82.04,58.88,0
107,2024-03-14,653,North America,MX,web,Electronics,2,635.04,532.02,0
108,2024-03-14,1332,North America,MX,app,Grocery,1,20.98,17.6,0
109,2024-03-14,92,APAC,KR,partner,Grocery,5,130.32,120.17,0
110,2024-03-14,378,EU,NL,app,Fashion,1,43.64,23.82,0
111,2024-03-14,1021,EU,DE,web,Grocery,4,75.41,65.99,0
112,2024-03-15,1466,APAC,AU,web,Home,1,110.14,71.94,0
113,2024-03-15,378,EU,NL,app,Grocery,1,27.19,22.94,0
114,2024-03-16,937,APAC,SG,web,Grocery,1,24.61,22.31,0
115,2024-03-16,1459,EU,IT,web,Toys,5,170.55,107.21,0
116,2024-03-16,614,North America,US,app,Beauty,1,44.86,19.75,0
117,2024-03-17,1196,EU,GB,retail,Electronics,1,275.89,243.66,0
118,2024-03-17,675,EU,DE,retail,Fashion,4,225.34,134.63,0
119,2024-03-18,458,North America,MX,web,Fashion,1,62.71,37.07,1
120,2024-03-18,157,North America,MX,web,Sports,1,57.08,33.88,0
121,2024-03-18,741,North America,MX,web,Electronics,2,519.46,420.24,0
122,2024-03-18,909,EU,NL,web,Toys,1,24.81,14.38,0
123,2024-03-19,591,EU,ES,web,Electronics,1,256.48,194.72,0
124,2024-03-20,291,North America,MX,web,Home,1,86.68,61.5,0
125,2024-03-20,25,North America,CA,partner,Home,1,84.0,59.63,0
126,2024-03-22,937,APAC,SG,web,Electronics,1,201.9,171.3,0
127,2024-03-22,13,APAC,JP,partner,Grocery,3,79.93,66.3,0
128,2024-03-23,414,North America,MX,app,Beauty,1,33.37,14.89,0
129,2024-03-23,810,North America,MX,web,Electronics,1,267.3,229.84,0
130,2024-03-23,1116,EU,GB,web,Beauty,6,217.74,101.76,0
131,2024-03-23,1458,North America,US,web,Home,1,72.54,51.21,0
132,2024-03-24,1228,North America,CA,web,Books,1,15.89,11.38,0
133,2024-03-25,511,North America,CA,app,Books,1,14.65,9.99,0
134,2024-03-26,288,LATAM,CL,web,Beauty,1,40.25,19.55,0
135,2024-03-26,1299,LATAM,CL,app,Books,1,21.51,16.4,0
136,2024-03-27,1346,LATAM,CL,web,Sports,4,299.48,212.51,0
137,2024-03-27,575,North America,US,retail,Home,4,366.04,270.65,0
138,2024-03-28,85,EU,FR,web,Electronics,5,948.54,803.56,0
139,2024-03-28,724,North America,MX,web,Beauty,2,74.63,35.92,0
140,2024-03-29,442,North America,US,app,Grocery,1,25.78,22.08,0
141,2024-03-29,20,EU,DE,web,Beauty,2,72.73,36.34,0
142,2024-03-29,902,North America,CA,app,Toys,2,82.12,52.97,0
143,2024-03-30,1327,APAC,IN,web,Fashion,3,185.4,96.44,0
144,2024-03-30,886,EU,NL,web,Books,1,17.54,13.66,0
145,2024-03-31,1079,North America,US,web,Grocery,1,30.31,26.17,0
146,2024-03-31,504,North America,MX,retail,Toys,1,36.41,22.47,0
147,2024-03-31,1483,APAC,AU,app,Books,1,18.19,13.52,0
148,2024-04-01,928,North America,US,web,Home,1,105.87,72.78,0
149,2024-04-02,1095,EU,GB,web,Electronics,1,178.34,148.79,0
150,2024-04-02,1137,APAC,KR,partner,Toys,1,23.32,13.44,0
151,2024-04-02,917,North America,CA,web,Grocery,1,23.52,18.68,0
152,2024-04-03,1428,North America,US,app,Fashion,1,79.37,47.77,0
153,2024-04-04,1196,EU,GB,web,Home,1,103.81,67.67,0
154,2024-04-04,1046,LATAM,CL,app,Grocery,1,23.76,18.38,0
155,2024-04-05,1318,North America,US,app,Books,4,58.46,39.61,0
156,2024-04-05,135,EU,PL,web,Books,1,14.55,11.31,0
157,2024-04-05,1211,North America,MX,web,Fashion,1,81.19,44.91,0
158,2024-04-06,864,North America,MX,app,Beauty,1,28.59,14.25,0
159,2024-04-06,267,North America,US,app,Toys,4,95.45,61.29,0
160,2024-04-06,1261,North America,US,web,Fashion,1,84.76,48.48,0
161,2024-04-06,49,APAC,SG,app,Sports,4,339.48,232.8,0
162,2024-04-06,484,EU,DE,web,Sports,1,52.59,35.86,0
163,2024-04-06,1101,EU,GB,app,Grocery,1,30.18,26.82,0
164,2024-04-07,671,North America,CA,partner,Books,4,71.21,54.41,0
165,2024-04-07,297,North America,CA,retail,Beauty,1,35.43,16.03,0
166,2024-04-07,1116,EU,GB,web,Fashion,4,199.67,118.13,1
167,2024-04-07,972,EU,ES,partner,Sports,1,65.23,43.29,0
168,2024-04-08,819,EU,DE,web,Grocery,1,25.14,22.84,0
169,2024-04-09,797,APAC,AU,web,Grocery,5,98.97,92.42,0
170,2024-04-09,450,EU,NL,app,Beauty,1,33.65,16.25,0
171,2024-04-10,1186,North America,MX,web,Beauty,2,73.13,31.99,0
172,2024-04-10,13,APAC,JP,web,Grocery,4,98.2,81.99,0
173,2024-04-11,1379,North America,MX,web,Toys,1,31.52,20.13,0
174,2024-04-11,276,EU,FR,web,Fashion,1,76.15,40.51,0
175,2024-04-11,902,North America,CA,web,Toys,1,34.39,20.94,0
176,2024-04-13,937,APAC,SG,app,Home,1,88.68,59.58,0
177,2024-04-13,881,North America,CA,web,Toys,1,31.18,18.03,0
178,2024-04-14,896,North America,MX,partner,Beauty,1,42.8,21.33,0
179,2024-04-14,956,EU,FR,web,Grocery,2,44.64,39.27,0
180,2024-04-14,1194,North America,US,app,Books,1,22.55,14.68,0
181,2024-04-15,1425,LATAM,BR,web,Fashion,1,75.84,38.51,0
182,2024-04-15,886,EU,NL,app,Beauty,3,75.93,39.54,1
183,2024-04-15,185,North America,US,web,Electronics,1,333.89,293.02,0
184,2024-04-15,68,EU,DE,retail,Grocery,2,43.09,36.79,0
185,2024-04-15,222,North America,CA,retail,Grocery,1,26.89,24.07,0
186,2024-04-17,680,EU,FR,partner,Grocery,1,27.07,24.29,0
187,2024-04-17,1001,North America,CA,app,Home,4,469.58,346.66,0
188,2024-04-17,139,APAC,JP,app,Grocery,5,116.47,91.47,0
189,2024-04-18,1128,EU,IT,app,Toys,1,24.95,15.14,0
190,2024-04-18,1102,North America,US,app,Sports,1,76.73,49.78,0
191,2024-04-18,1087,APAC,IN,app,Beauty,4,157.1,75.81,0
192,2024-04-18,954,North America,US,retail,Fashion,4,227.83,121.19,0
193,2024-04-19,417,North America,MX,web,Books,2,41.07,30.99,1
194,2024-04-19,971,North America,US,web,Electronics,1,231.44,180.06,0
195,2024-04-19,777,EU,IT,retail,Sports,1,57.51,39.38,0
196,2024-04-20,431,EU,GB,partner,Beauty,1,33.47,15.96,0
197,2024-04-20,465,North America,MX,web,Home,1,86.23,53.17,0
198,2024-04-21,322,North America,US,partner,Home,4,273.72,172.7,0
199,2024-04-22,836,EU,PL,web,Electronics,1,257.68,231.26,0
200,2024-04-22,505,APAC,AU,partner,Home,4,378.81,270.63,0
201,2024-04-22,1459,EU,IT,web,Sports,4,241.99,172.99,0
202,2024-04-23,873,North America,MX,app,Beauty,2,61.52,28.16,0
203,2024-04-23,427,APAC,SG,retail,Books,3,58.2,43.68,0
204,2024-04-23,1198,EU,IT,web,Home,1,74.72,50.06,0
205,2024-04-23,145,EU,FR,web,Books,1,20.84,13.75,0
206,2024-04-24,34,North America,US,app,Electronics,1,274.86,233.4,1
207,2024-04-24,233,North America,CA,app,Home,5,411.0,279.21,0
208,2024-04-24,519,EU,GB,partner,Home,2,185.33,137.3,0
209,2024-04-25,159,EU,DE,app,Books,2,30.22,23.0,0
210,2024-04-25,169,EU,ES,retail,Books,1,16.4,11.61,0
211,2024-04-27,732,EU,PL,retail,Grocery,1,30.3,27.44,0
212,2024-04-27,418,APAC,JP,app,Electronics,1,253.52,207.57,0
213,2024-04-27,289,North America,MX,app,Home,5,426.35,288.22,0
214,2024-04-28,946,EU,ES,web,Electronics,1,227.53,189.88,0
215,2024-04-28,431,EU,GB,web,Books,2,45.91,34.39,0
216,2024-04-29,972,EU,ES,app,Fashion,2,138.96,69.04,0
217,2024-04-30,1112,APAC,IN,retail,Toys,1,24.1,15.04,0
218,2024-05-01,1251,North America,MX,web,Grocery,1,26.39,20.78,0
219,2024-05-01,1332,North America,MX,retail,Sports,1,64.93,42.46,1
220,2024-05-01,709,North America,US,web,Books,1,19.68,14.02,0
221,2024-05-01,146,North America,US,retail,Grocery,1,31.4,25.15,0
222,2024-05-02,896,North America,MX,web,Grocery,3,59.87,54.65,0
223,2024-05-02,1381,EU,GB,web,Toys,1,35.55,20.47,0
224,2024-05-02,786,North America,CA,web,Toys,1,27.79,16.91,0
225,2024-05-02,1494,EU,IT,app,Grocery,1,29.76,27.32,0
226,2024-05-03,328,EU,IT,web,Electronics,1,227.53,180.99,0
227,2024-05-03,479,LATAM,CL,app,Books,2,28.31,21.77,1
228,2024-05-03,1199,APAC,JP,web,Fashion,1,66.56,36.67,0
229,2024-05-04,797,APAC,AU,web,Sports,4,267.33,179.76,0
230,2024-05-04,328,EU,IT,web,Fashion,1,61.81,34.09,0
231,2024-05-04,1230,North America,MX,web,Beauty,1,39.69,18.59,0
232,2024-05-06,1012,North America,CA,web,Books,1,15.27,12.08,0
233,2024-05-06,981,APAC,KR,app,Grocery,1,18.0,16.1,0
234,2024-05-06,225,North America,CA,app,Toys,1,25.67,16.81,0
235,2024-05-07,1211,North America,MX,app,Home,2,227.46,164.23,0
236,2024-05-07,1283,North America,MX,app,Fashion,1,63.39,37.58,0
237,2024-05-07,977,APAC,JP,app,Toys,1,32.85,20.02,0
238,2024-05-07,521,North America,CA,app,Electronics,4,942.66,812.64,0
239,2024-05-08,758,EU,IT,retail,Fashion,1,78.0,46.96,0
240,2024-05-08,882,EU,DE,web,Grocery,1,18.1,16.39,0
241,2024-05-08,595,North America,US,web,Books,1,17.36,13.28,0
242,2024-05-09,1080,North America,US,web,Electronics,1,261.19,192.98,0
243,2024-05-09,879,LATAM,CL,app,Grocery,1,31.92,24.98,0
244,2024-05-10,554,LATAM,BR,app,Toys,1,29.34,17.01,0
245,2024-05-10,1094,North America,MX,app,Toys,1,28.3,17.12,1
246,2024-05-11,1156,North America,US,retail,Electronics,2,679.09,578.85,0
247,2024-05-11,185,North America,US,retail,Books,1,18.52,12.51,0
248,2024-05-11,981,APAC,KR,retail,Electronics,1,304.76,232.26,0
249,2024-05-11,497,EU,FR,web,Toys,1,22.24,13.5,0
250,2024-05-11,112,North America,MX,partner,Home,1,90.04,60.7,0
251,2024-05-11,379,North America,CA,retail,Toys,4,161.47,96.6,0
252,2024-05-12,1492,North America,US,app,Books,5,120.45,93.0,0
253,2024-05-13,1053,North America,US,web,Books,5,121.55,91.86,0
254,2024-05-14,222,North America,CA,web,Home,1,88.78,63.91,0
255,2024-05-14,222,North America,CA,web,Grocery,1,19.34,16.94,0
256,2024-05-14,1401,North America,MX,retail,Sports,1,82.83,59.19,0
257,2024-05-14,719,EU,NL,app,Toys,4,112.8,72.04,0
258,2024-05-14,1437,EU,GB,web,Fashion,1,69.51,37.53,0
259,2024-05-15,1206,EU,DE,web,Grocery,3,77.29,65.26,0
260,2024-05-15,27,LATAM,CO,web,Electronics,4,682.77,539.64,0
261,2024-05-15,740,LATAM,BR,retail,Electronics,2,590.01,449.59,0
262,2024-05-15,224,North America,MX,retail,Books,3,42.98,33.39,0
263,2024-05-16,383,North America,MX,web,Fashion,1,65.02,36.39,0
264,2024-05-16,1288,North America,US,web,Sports,2,143.93,86.5,0
265,2024-05-16,981,APAC,KR,app,Electronics,2,372.91,319.57,0
266,2024-05-17,239,EU,FR,app,Electronics,1,281.89,236.59,0
267,2024-05-18,157,North America,MX,web,Beauty,3,94.61,41.27,0
268,2024-05-18,246,North America,US,app,Grocery,1,31.75,25.58,0
269,2024-05-18,1388,North America,CA,app,Fashion,1,69.99,38.3,1
270,2024-05-19,760,EU,IT,app,Grocery,1,27.11,22.25,0
271,2024-05-19,1194,North America,US,web,Toys,1,36.33,21.38,0
272,2024-05-20,107,North America,CA,app,Beauty,4,129.07,60.87,0
273,2024-05-20,1435,LATAM,BR,app,Grocery,1,18.75,15.04,0
274,2024-05-20,854,APAC,AU,partner,Toys,4,96.44,54.64,1
275,2024-05-21,1470,APAC,JP,web,Books,1,22.98,16.06,0
276,2024-05-21,886,EU,NL,web,Sports,1,74.28,51.9,0
277,2024-05-21,1236,North America,MX,web,Books,1,14.46,9.59,0
278,2024-05-22,135,EU,PL,app,Sports,3,250.88,159.81,0
279,2024-05-23,431,EU,GB,web,Books,1,14.66,11.45,0
280,2024-05-23,873,North America,MX,web,Grocery,2,39.68,34.44,0
281,2024-05-23,1019,North America,US,web,Toys,2,53.57,32.64,0
282,2024-05-24,1426,LATAM,CO,retail,Electronics,1,246.33,197.35,0
283,2024-05-24,886,EU,NL,web,Fashion,1,50.76,29.34,0
284,2024-05-24,379,North America,CA,app,Grocery,5,121.89,105.08,0
285,2024-05-25,645,APAC,JP,app,Toys,2,53.99,34.47,0
286,2024-05-25,44,APAC,IN,app,Beauty,1,27.48,13.11,0
287,2024-05-25,1058,APAC,AU,app,Electronics,1,277.16,249.44,0
288,2024-05-26,1263,North America,US,web,Grocery,1,21.44,19.6,0
289,2024-05-26,225,North America,CA,retail,Home,2,209.0,137.5,0
290,2024-05-27,1249,North America,US,app,Books,1,20.4,14.67,0
291,2024-05-27,1004,APAC,KR,web,Books,2,31.03,22.74,0
292,2024-05-27,1161,North America,US,partner,Fashion,2,161.11,87.75,0
293,2024-05-27,1068,LATAM,CL,web,Toys,3,63.42,36.54,0
294,2024-05-28,776,North America,MX,web,Beauty,1,45.72,22.38,0
295,2024-05-28,269,EU,PL,app,Electronics,1,230.41,183.57,0
296,2024-05-28,951,North America,CA,app,Electronics,4,1064.89,895.18,0
297,2024-05-29,414,North America,MX,retail,Grocery,2,48.12,38.94,0
298,2024-05-29,104,North America,US,retail,Sports,3,266.31,165.54,0
299,2024-05-29,265,EU,NL,app,Grocery,2,44.54,37.86,0
300,2024-05-30,372,North America,MX,web,Home,4,417.29,278.11,0
301,2024-05-31,49,APAC,SG,retail,Home,4,268.47,184.68,0
302,2024-05-31,740,LATAM,BR,web,Grocery,1,19.34,15.83,0
303,2024-05-31,88,EU,IT,partner,Toys,2,68.69,39.23,0
304,2024-05-31,16,EU,ES,web,Home,1,87.56,62.74,0
305,2024-05-31,861,EU,ES,app,Books,1,22.76,17.83,0
306,2024-05-31,465,North America,MX,partner,Sports,1,87.01,55.72,0
307,2024-05-31,1127,LATAM,CL,retail,Home,5,372.09,242.82,0
308,2024-06-01,310,EU,PL,app,Sports,2,129.86,83.64,0
309,2024-06-01,404,APAC,IN,web,Sports,1,79.73,54.31,0
310,2024-06-01,855,EU,FR,retail,Fashion,4,211.81,108.72,0
311,2024-06-01,429,EU,NL,app,Toys,2,52.34,30.24,0
312,2024-06-01,817,North America,CA,web,Books,1,15.7,11.39,0
313,2024-06-01,497,EU,FR,app,Home,1,82.76,57.65,0
314,2024-06-02,567,EU,NL,web,Books,1,17.57,12.37,0
315,2024-06-02,25,North America,CA,retail,Sports,2,186.74,114.78,0
316,2024-06-02,575,North America,US,web,Toys,6,195.26,113.14,0
317,2024-06-02,482,LATAM,CO,app,Fashion,1,52.36,30.82,0
318,2024-06-03,1228,North America,CA,partner,Grocery,1,19.84,17.83,0
319,2024-06-03,1034,North America,MX,retail,Books,1,18.89,14.88,0
320,2024-06-04,909,EU,NL,app,Home,1,63.16,46.95,0
321,2024-06-05,564,EU,GB,web,Fashion,2,124.45,66.44,0
322,2024-06-05,1110,North America,CA,web,Toys,2,55.56,32.37,0
323,2024-06-06,1043,North America,CA,app,Fashion,4,219.08,110.8,0
324,2024-06-06,872,EU,DE,app,Books,1,18.37,14.1,0
325,2024-06-06,119,EU,PL,app,Toys,1,22.4,13.03,0
326,2024-06-06,664,North America,MX,partner,Beauty,1,37.1,19.11,0
327,2024-06-06,1318,North America,US,web,Electronics,1,247.5,186.48,0
328,2024-06-07,1275,North America,MX,app,Sports,1,65.64,42.64,0
329,2024-06-07,1236,North America,MX,app,Beauty,1,49.02,25.06,0
330,2024-06-08,1236,North America,MX,app,Fashion,1,55.34,29.54,0
331,2024-06-08,1490,EU,FR,app,Books,1,18.89,13.09,0
332,2024-06-08,237,APAC,SG,web,Electronics,4,1216.43,966.95,0
333,2024-06-08,660,North America,MX,web,Home,2,207.84,146.86,0
334,2024-06-09,680,EU,FR,app,Books,1,15.19,10.43,0
335,2024-06-09,465,North America,MX,retail,Fashion,1,59.84,32.74,0
336,2024-06-09,1094,North America,MX,app,Toys,1,27.69,18.24,0
337,2024-06-10,135,EU,PL,web,Fashion,1,44.8,24.46,0
338,2024-06-10,280,EU,IT,web,Books,2,26.89,18.02,0
339,2024-06-10,1372,EU,FR,web,Beauty,1,32.62,15.16,0
340,2024-06-11,531,EU,FR,retail,Toys,1,21.41,11.69,0
341,2024-06-11,1479,EU,PL,web,Fashion,6,464.17,265.46,1
342,2024-06-11,1137,APAC,KR,app,Toys,1,27.18,17.3,0
343,2024-06-12,376,EU,NL,app,Beauty,2,71.04,34.39,0
344,2024-06-12,1161,North America,US,web,Toys,3,116.4,64.24,0
345,2024-06-12,464,North America,MX,web,Toys,1,32.67,18.95,0
346,2024-06-12,1080,North America,US,web,Toys,2,55.94,35.26,0
347,2024-06-13,165,APAC,KR,retail,Beauty,1,42.4,20.46,0
348,2024-06-13,916,EU,DE,app,Home,4,339.36,253.04,0
349,2024-06-14,1261,North America,US,retail,Fashion,2,128.51,65.45,0
350,2024-06-14,161,North America,US,app,Beauty,1,36.07,16.44,0
351,2024-06-14,1097,EU,NL,app,Beauty,1,43.9,20.5,0
352,2024-06-15,383,North America,MX,retail,Beauty,1,38.23,17.29,0
353,2024-06-15,544,LATAM,BR,app,Books,1,13.01,10.25,0
354,2024-06-15,277,North America,CA,retail,Books,1,17.7,11.72,0
355,2024-06-15,383,North America,MX,app,Fashion,1,61.87,32.02,0
356,2024-06-15,1160,North America,MX,web,Fashion,1,70.9,42.67,1
357,2024-06-15,1156,North America,US,web,Home,1,94.3,61.1,0
358,2024-06-16,1484,LATAM,CO,partner,Books,1,20.44,15.59,1
359,2024-06-16,1405,EU,FR,app,Beauty,1,27.74,12.03,0
360,2024-06-16,1318,North America,US,app,Sports,3,189.59,114.82,0
361,2024-06-16,316,North America,MX,web,Home,1,76.31,49.26,0
362,2024-06-16,46,LATAM,BR,app,Home,1,108.85,79.12,0
363,2024-06-16,1488,North America,CA,web,Books,1,24.0,17.31,0
364,2024-06-17,1390,North America,US,app,Grocery,4,98.89,76.32,0
365,2024-06-17,46,LATAM,BR,retail,Electronics,1,212.37,161.68,0
366,2024-06-18,410,EU,NL,retail,Fashion,1,46.31,23.35,0
367,2024-06-18,951,North America,CA,app,Fashion,4,206.78,113.19,1
368,2024-06-18,1014,EU,DE,web,Grocery,4,73.31,58.06,0
369,2024-06-18,1303,APAC,JP,web,Fashion,1,44.56,23.67,0
370,2024-06-19,88,EU,IT,retail,Books,1,21.94,16.43,0
371,2024-06-19,48,EU,GB,partner,Beauty,1,31.41,16.27,0
372,2024-06-19,404,APAC,IN,app,Electronics,1,203.13,173.72,0
373,2024-06-20,760,EU,IT,app,Sports,1,83.85,56.77,0
374,2024-06-20,624,North America,CA,web,Fashion,1,66.15,37.48,0
375,2024-06-20,497,EU,FR,web,Grocery,2,59.78,47.87,0
376,2024-06-20,506,North America,CA,retail,Beauty,4,123.28,56.29,0
377,2024-06-20,1152,EU,DE,retail,Home,1,106.76,78.75,1
378,2024-06-20,127,North America,US,web,Sports,1,89.9,54.15,0
379,2024-06-21,741,North America,MX,web,Sports,1,63.67,40.9,0
380,2024-06-21,815,LATAM,AR,web,Sports,1,83.81,58.43,0
381,2024-06-21,501,North America,CA,web,Toys,4,162.02,98.5,0
382,2024-06-22,1432,LATAM,CL,partner,Sports,1,73.57,48.94,0
383,2024-06-22,161,North America,US,app,Beauty,1,45.87,23.53,0
384,2024-06-22,121,APAC,IN,app,Fashion,4,171.52,91.67,0
385,2024-06-23,604,North America,MX,retail,Sports,1,66.58,45.09,0
386,2024-06-23,72,North America,CA,partner,Toys,1,23.94,13.51,0
387,2024-06-23,148,APAC,IN,app,Electronics,1,284.65,239.16,0
388,2024-06-26,708,North America,CA,web,Fashion,1,82.9,41.4,0
389,2024-06-26,1278,EU,NL,web,Beauty,3,92.41,41.81,0
390,2024-06-26,275,EU,NL,app,Sports,1,83.03,57.12,0
391,2024-06-27,625,North America,US,app,Books,7,155.23,105.14,0
392,2024-06-27,1377,North America,CA,web,Grocery,1,33.97,29.79,1
393,2024-06-27,320,APAC,IN,retail,Grocery,1,22.28,17.64,0
394,2024-06-28,1500,APAC,IN,partner,Electronics,4,798.75,598.58,0
395,2024-06-28,662,North America,US,partner,Electronics,1,312.94,267.47,0
396,2024-06-28,629,LATAM,CL,app,Toys,5,170.46,107.58,0
397,2024-06-29,1181,LATAM,CL,web,Books,2,26.37,17.46,0
398,2024-06-29,1128,EU,IT,web,Books,3,68.19,46.87,0
399,2024-06-29,594,EU,IT,web,Books,2,34.21,26.81,0
400,2024-06-30,102,North America,US,app,Home,2,223.89,147.1,1
401,2024-06-30,488,EU,PL,web,Toys,1,25.59,15.91,0
402,2024-06-30,841,EU,NL,retail,Sports,3,181.24,129.02,0
403,2024-06-30,1332,North America,MX,app,Grocery,1,27.56,21.59,0
404,2024-06-30,536,North America,US,web,Books,2,41.18,27.4,0
405,2024-07-01,13,APAC,JP,app,Beauty,1,41.75,22.01,0
406,2024-07-01,1479,EU,PL,web,Home,5,366.59,248.11,0
407,2024-07-01,560,North America,CA,retail,Sports,2,108.07,76.98,0
408,2024-07-01,773,North America,MX,web,Grocery,4,79.41,61.25,0
409,2024-07-01,1354,EU,PL,app,Home,1,108.48,79.08,0
410,2024-07-02,864,North America,MX,app,Books,1,16.96,13.2,0
411,2024-07-02,315,EU,NL,retail,Books,1,20.98,16.19,0
412,2024-07-02,882,EU,DE,retail,Home,3,208.88,138.62,0
413,2024-07-03,1278,EU,NL,partner,Toys,2,43.02,27.45,1
414,2024-07-03,740,LATAM,BR,retail,Electronics,1,268.27,227.17,0
415,2024-07-03,1307,North America,US,retail,Electronics,1,226.49,192.07,0
416,2024-07-03,383,North America,MX,web,Sports,1,64.86,40.3,0
417,2024-07-03,1153,North America,MX,partner,Beauty,1,45.43,23.87,0
418,2024-07-04,162,EU,NL,web,Electronics,2,489.18,361.14,0
419,2024-07-04,921,EU,NL,retail,Grocery,1,27.17,24.55,0
420,2024-07-04,442,North America,US,app,Beauty,1,29.8,15.1,0
421,2024-07-05,414,North America,MX,partner,Toys,1,39.2,25.55,0
422,2024-07-05,861,EU,ES,app,Electronics,1,224.96,185.98,0
423,2024-07-06,810,North America,MX,partner,Electronics,4,886.44,742.83,0
424,2024-07-06,886,EU,NL,web,Beauty,1,40.05,18.02,0
425,2024-07-06,505,APAC,AU,web,Sports,5,335.69,216.37,0
426,2024-07-06,1068,LATAM,CL,web,Home,1,84.43,61.0,0
427,2024-07-06,777,EU,IT,app,Grocery,1,20.6,18.33,0
428,2024-07-07,1322,North America,US,web,Fashion,1,77.62,46.77,0
429,2024-07-07,740,LATAM,BR,web,Books,1,13.78,10.81,0
430,2024-07-07,1329,EU,FR,web,Home,1,70.5,44.17,0
431,2024-07-07,568,North America,US,partner,Sports,1,57.48,34.82,0
432,2024-07-07,1001,North America,CA,app,Fashion,5,351.64,209.58,0
433,2024-07-07,548,APAC,SG,web,Sports,1,84.47,54.35,0
434,2024-07-08,906,LATAM,AR,web,Toys,1,22.13,14.56,0
435,2024-07-08,501,North America,CA,app,Grocery,4,141.18,108.97,0
436,2024-07-08,1434,North America,MX,retail,Fashion,1,60.21,31.41,0
437,2024-07-08,283,North America,MX,web,Electronics,4,752.79,570.9,0
438,2024-07-08,1141,APAC,IN,app,Electronics,1,238.45,191.34,0
439,2024-07-09,168,North America,MX,retail,Beauty,1,49.96,23.43,0
440,2024-07-09,1080,North America,US,app,Home,1,104.79,66.28,0
441,2024-07-09,561,EU,PL,partner,Sports,1,51.26,31.64,0
442,2024-07-10,82,EU,GB,web,Books,1,15.67,11.87,0
443,2024-07-10,1154,APAC,AU,app,Fashion,5,321.46,194.31,0
444,2024-07-10,1014,EU,DE,partner,Electronics,4,1008.55,862.5,0
445,2024-07-10,132,North America,US,web,Home,5,498.43,309.45,0
446,2024-07-10,423,APAC,IN,web,Fashion,4,206.94,118.25,0
447,2024-07-10,837,LATAM,CO,web,Home,1,62.34,40.39,0
448,2024-07-11,1290,EU,DE,app,Toys,2,76.67,44.38,0
449,2024-07-12,684,North America,MX,app,Toys,1,33.64,19.3,0
450,2024-07-12,316,North America,MX,web,Books,2,28.12,21.79,0
451,2024-07-12,1223,LATAM,BR,retail,Grocery,4,119.83,108.0,0
452,2024-07-13,802,North America,MX,web,Grocery,4,134.96,106.56,0
453,2024-07-13,320,APAC,IN,web,Toys,2,59.42,37.38,0
454,2024-07-14,1152,EU,DE,partner,Electronics,1,196.0,148.85,0
455,2024-07-14,1184,EU,GB,web,Grocery,4,90.97,79.3,0
456,2024-07-14,363,EU,ES,web,Fashion,1,72.27,37.68,0
457,2024-07-14,302,LATAM,CL,web,Electronics,1,239.99,213.77,0
458,2024-07-15,861,EU,ES,app,Electronics,1,233.08,187.86,0
459,2024-07-16,440,North America,CA,app,Home,1,78.35,53.9,0
460,2024-07-16,362,North America,US,retail,Books,1,14.59,11.54,0
461,2024-07-16,319,EU,IT,partner,Home,6,601.51,444.39,0
462,2024-07-16,1433,EU,GB,app,Sports,2,154.14,103.36,0
463,2024-07-18,99,North America,US,app,Beauty,1,41.93,19.34,0
464,2024-07-18,65,APAC,SG,app,Books,1,21.81,16.23,0
465,2024-07-18,206,LATAM,AR,web,Beauty,1,26.64,13.98,0
466,2024-07-18,839,EU,ES,web,Sports,4,223.19,149.37,0
467,2024-07-18,1096,APAC,AU,app,Grocery,2,63.93,49.28,0
468,2024-07-19,1256,EU,GB,partner,Home,1,104.3,67.25,0
469,2024-07-19,445,North America,US,app,Fashion,1,68.41,34.8,0
470,2024-07-19,887,EU,NL,app,Home,4,270.22,195.7,0
471,2024-07-19,65,APAC,SG,web,Toys,1,32.51,20.27,0
472,2024-07-20,46,LATAM,BR,app,Books,1,16.0,11.32,0
473,2024-07-20,427,APAC,SG,retail,Home,1,64.15,44.75,0
474,2024-07-20,222,North America,CA,web,Sports,1,56.31,35.53,0
475,2024-07-20,1150,APAC,SG,web,Beauty,2,62.16,27.22,0
476,2024-07-21,17,North America,CA,web,Sports,1,75.78,49.41,0
477,2024-07-21,46,LATAM,BR,retail,Toys,1,32.96,20.14,0
478,2024-07-21,1384,EU,GB,app,Fashion,4,257.44,140.18,0
479,2024-07-21,1149,EU,GB,app,Home,2,151.62,105.0,0
480,2024-07-21,450,EU,NL,web,Books,2,26.69,18.88,0
481,2024-07-22,321,EU,DE,retail,Electronics,1,243.44,199.38,0
482,2024-07-23,1276,LATAM,BR,partner,Home,1,60.47,37.54,0
483,2024-07-23,664,North America,MX,web,Grocery,1,20.84,17.68,0
484,2024-07-23,789,North America,MX,web,Beauty,1,29.11,13.17,0
485,2024-07-23,1236,North America,MX,app,Toys,1,27.09,17.65,0
486,2024-07-23,1027,North America,CA,retail,Books,2,28.37,21.16,0
487,2024-07-23,483,North America,MX,app,Beauty,1,31.25,14.6,0
488,2024-07-24,998,EU,GB,app,Home,5,426.23,302.12,0
489,2024-07-24,276,EU,FR,retail,Electronics,1,282.84,212.96,0
490,2024-07-24,843,APAC,KR,web,Fashion,4,171.81,88.89,0
491,2024-07-25,1494,EU,IT,web,Fashion,3,177.78,94.65,0
492,2024-07-25,378,EU,NL,app,Sports,1,77.96,51.52,0
493,2024-07-26,178,EU,IT,retail,Beauty,4,118.07,56.55,0
494,2024-07-26,1494,EU,IT,app,Beauty,2,69.06,32.43,0
495,2024-07-26,288,LATAM,CL,app,Electronics,1,255.04,189.91,0
496,2024-07-26,148,APAC,IN,web,Sports,1,72.07,50.2,0
497,2024-07-26,92,APAC,KR,retail,Sports,6,327.94,221.55,0
498,2024-07-28,1056,North America,CA,retail,Grocery,1,27.6,22.65,0
499,2024-07-28,1108,LATAM,AR,app,Grocery,2,47.29,39.42,0
500,2024-07-28,1494,EU,IT,app,Home,1,66.73,47.08,0
501,2024-07-28,1223,LATAM,BR,web,Books,4,50.77,35.18,0
502,2024-07-28,1043,North America,CA,app,Books,4,102.22,67.48,0
503,2024-07-28,1490,EU,FR,retail,Beauty,2,86.12,38.76,0
504,2024-07-28,959,APAC,KR,app,Books,2,33.24,25.59,0
505,2024-07-29,1363,North America,US,retail,Fashion,1,82.45,44.4,1
506,2024-07-29,1264,North America,US,app,Sports,1,64.69,44.8,0
507,2024-07-29,85,EU,FR,retail,Fashion,7,443.18,221.88,0
508,2024-07-29,218,North America,MX,web,Fashion,1,54.38,31.53,0
509,2024-07-29,1378,EU,GB,web,Home,1,88.38,55.44,1
510,2024-07-30,617,EU,PL,retail,Fashion,4,255.15,135.19,1
511,2024-07-30,158,LATAM,CL,web,Sports,1,67.72,43.41,0
512,2024-07-30,1354,EU,PL,web,Sports,1,59.72,36.02,0
513,2024-07-30,1167,North America,US,app,Electronics,1,241.01,194.15,0
514,2024-07-31,141,EU,IT,web,Home,5,489.56,349.91,0
515,2024-07-31,585,EU,PL,retail,Sports,1,78.07,45.71,0
516,2024-07-31,713,EU,IT,app,Home,1,70.57,51.78,0
517,2024-07-31,153,APAC,AU,retail,Home,1,83.26,58.11,0
518,2024-07-31,310,EU,PL,partner,Beauty,1,42.57,20.69,0
519,2024-07-31,49,APAC,SG,app,Grocery,5,131.2,111.74,0
520,2024-08-01,665,APAC,AU,partner,Home,1,65.25,43.1,0
521,2024-08-01,891,North America,MX,web,Home,6,690.08,454.47,0
522,2024-08-02,1477,North America,CA,partner,Books,4,101.87,75.41,0
523,2024-08-02,737,North America,MX,retail,Fashion,1,52.59,31.22,0
524,2024-08-02,1399,LATAM,BR,partner,Sports,5,340.46,235.73,0
525,2024-08-02,1399,LATAM,BR,web,Sports,4,355.0,226.67,0
526,2024-08-03,1230,North America,MX,partner,Toys,3,109.93,67.96,0
527,2024-08-03,99,North America,US,web,Grocery,1,25.16,22.32,0
528,2024-08-03,1116,EU,GB,app,Toys,4,95.53,62.81,0
529,2024-08-03,165,APAC,KR,retail,Fashion,2,120.78,61.46,0
530,2024-08-03,65,APAC,SG,app,Books,2,40.2,26.73,0
531,2024-08-03,1343,North America,US,web,Fashion,1,53.38,26.64,0
532,2024-08-03,1492,North America,US,app,Fashion,4,228.6,120.86,0
533,2024-08-04,1039,North America,US,web,Grocery,1,30.08,23.8,0
534,2024-08-04,1288,North America,US,retail,Sports,2,131.42,83.31,0
535,2024-08-05,1386,EU,IT,partner,Sports,4,198.88,133.61,0
536,2024-08-06,404,APAC,IN,web,Sports,2,177.27,122.11,0
537,2024-08-06,1255,LATAM,CO,partner,Grocery,1,27.46,22.07,0
538,2024-08-06,599,LATAM,BR,app,Books,1,21.07,15.03,0
539,2024-08-06,981,APAC,KR,app,Beauty,1,30.4,14.99,0
540,2024-08-06,495,APAC,JP,retail,Toys,1,28.18,16.42,0
541,2024-08-07,822,EU,FR,web,Sports,1,67.71,43.64,0
542,2024-08-07,102,North America,US,app,Books,2,31.61,22.6,0
543,2024-08-07,1112,APAC,IN,retail,Beauty,4,111.65,56.77,0
544,2024-08-07,529,North America,MX,app,Electronics,1,336.62,292.09,0
545,2024-08-08,229,EU,ES,web,Beauty,4,146.59,75.56,0
546,2024-08-09,1357,APAC,SG,web,Books,4,74.46,54.03,0
547,2024-08-09,1073,EU,ES,app,Home,5,306.14,206.24,0
548,2024-08-09,1183,North America,US,web,Grocery,4,113.44,105.11,0
549,2024-08-09,404,APAC,IN,app,Fashion,1,45.58,27.37,0
550,2024-08-09,745,North America,US,web,Sports,1,55.87,35.17,0
551,2024-08-09,145,EU,FR,web,Home,1,63.31,41.38,0
552,2024-08-09,261,APAC,SG,web,Grocery,1,30.71,24.25,0
553,2024-08-09,1286,APAC,JP,web,Toys,2,77.08,42.17,0
554,2024-08-10,594,EU,IT,web,Books,7,112.29,80.96,0
555,2024-08-10,781,LATAM,AR,web,Sports,4,256.38,177.5,0
556,2024-08-10,1125,EU,DE,web,Fashion,3,187.24,102.47,0
557,2024-08-11,776,North America,MX,app,Electronics,1,190.59,146.64,0
558,2024-08-11,1493,EU,GB,app,Home,1,79.95,50.94,0
559,2024-08-11,1334,APAC,KR,web,Electronics,1,261.37,223.64,0
560,2024-08-12,746,North America,MX,web,Fashion,2,145.32,84.29,0
561,2024-08-12,983,North America,MX,app,Sports,2,199.64,117.93,0
562,2024-08-12,1500,APAC,IN,web,Electronics,4,1201.76,896.83,0
563,2024-08-12,591,EU,ES,app,Home,2,189.89,141.69,0
564,2024-08-12,1150,APAC,SG,web,Electronics,1,285.76,216.79,0
565,2024-08-13,1303,APAC,JP,partner,Toys,1,32.22,20.53,0
566,2024-08-13,1425,LATAM,BR,web,Beauty,1,35.64,15.92,1
567,2024-08-13,207,EU,GB,web,Toys,4,120.47,73.06,0
568,2024-08-13,456,LATAM,CL,app,Sports,4,335.83,236.61,1
569,2024-08-13,552,APAC,IN,retail,Electronics,1,209.16,174.26,0
570,2024-08-14,902,North America,CA,web,Beauty,1,46.44,22.75,0
571,2024-08-14,525,North America,MX,app,Home,1,111.54,70.0,0
572,2024-08-14,45,EU,ES,app,Home,1,79.52,56.98,0
573,2024-08-15,916,EU,DE,web,Grocery,5,161.02,144.63,0
574,2024-08-15,789,North America,MX,app,Grocery,1,34.02,30.89,0
575,2024-08-15,643,EU,ES,partner,Fashion,2,112.37,63.32,0
576,2024-08-15,72,North America,CA,web,Toys,1,33.49,20.97,0
577,2024-08-15,1449,EU,DE,app,Home,1,107.84,68.63,0
578,2024-08-16,64,EU,PL,web,Home,4,430.52,317.72,0
579,2024-08-16,931,EU,FR,app,Beauty,1,24.61,12.94,0
580,2024-08-16,445,North America,US,web,Toys,2,70.19,40.43,0
581,2024-08-17,1205,APAC,AU,web,Grocery,1,24.01,19.62,0
582,2024-08-17,824,North America,MX,web,Books,5,73.61,57.56,0
583,2024-08-17,463,APAC,KR,web,Grocery,1,27.14,25.12,0
584,2024-08-18,916,EU,DE,web,Books,4,60.57,44.63,0
585,2024-08-18,121,APAC,IN,retail,Beauty,4,118.75,62.42,0
586,2024-08-18,1319,EU,ES,web,Books,1,14.37,9.51,0
587,2024-08-19,977,APAC,JP,web,Books,1,13.14,9.06,0
588,2024-08-19,675,EU,DE,web,Sports,7,617.04,378.78,0
589,2024-08-19,909,EU,NL,web,Fashion,1,77.12,38.45,0
590,2024-08-19,383,North America,MX,web,Grocery,2,68.28,63.5,0
591,2024-08-19,786,North America,CA,web,Home,1,91.95,63.2,0
592,2024-08-19,511,North America,CA,app,Fashion,1,61.64,30.62,0
593,2024-08-20,414,North America,MX,app,Beauty,1,46.27,20.7,1
594,2024-08-20,1286,APAC,JP,web,Electronics,1,287.64,243.33,0
595,2024-08-20,853,EU,NL,retail,Home,4,345.94,247.91,0
596,2024-08-21,508,LATAM,CO,retail,Toys,4,140.84,76.97,0
597,2024-08-21,820,North America,CA,retail,Grocery,1,35.21,32.18,0
598,2024-08-21,614,North America,US,retail,Home,1,113.58,78.75,0
599,2024-08-21,267,North America,US,web,Grocery,4,88.14,70.08,0
600,2024-08-21,1473,APAC,IN,retail,Books,3,55.34,36.23,0
601,2024-08-21,20,EU,DE,web,Sports,1,59.98,40.34,0
602,2024-08-22,163,North America,US,retail,Sports,5,312.41,194.05,0
603,2024-08-22,313,EU,DE,retail,Sports,4,358.37,246.49,0
604,2024-08-22,195,APAC,SG,retail,Beauty,4,165.08,75.11,0
605,2024-08-23,92,APAC,KR,web,Toys,4,144.2,81.66,0
606,2024-08-23,405,LATAM,BR,app,Electronics,4,926.43,831.38,0
607,2024-08-23,383,North America,MX,web,Fashion,1,55.08,29.18,0
608,2024-08-23,1153,North America,MX,web,Home,1,79.89,52.3,0
609,2024-08-23,152,APAC,IN,web,Electronics,4,1184.13,946.85,0
610,2024-08-23,289,North America,MX,app,Fashion,4,197.93,115.81,1
611,2024-08-23,777,EU,IT,partner,Toys,1,26.63,15.09,0
612,2024-08-24,234,EU,GB,web,Beauty,2,71.16,37.54,0
613,2024-08-25,1388,North America,CA,web,Grocery,1,32.77,30.5,0
614,2024-08-25,1194,North America,US,web,Home,2,181.69,128.88,0
615,2024-08-26,1204,EU,NL,app,Beauty,1,41.98,20.08,0
616,2024-08-26,653,North America,MX,retail,Sports,1,84.68,58.16,0
617,2024-08-26,876,North America,CA,partner,Sports,2,187.43,132.58,0
618,2024-08-27,210,APAC,KR,app,Books,2,28.19,21.98,0
619,2024-08-27,194,North America,US,app,Books,2,39.86,26.35,0
620,2024-08-27,552,APAC,IN,web,Fashion,1,48.05,25.75,0
621,2024-08-27,303,North America,CA,web,Fashion,1,66.86,35.41,0
622,2024-08-27,931,EU,FR,web,Electronics,1,269.05,235.78,0
623,2024-08-27,1378,EU,GB,web,Books,1,20.07,14.27,0
624,2024-08-28,891,North America,MX,app,Grocery,4,122.14,106.47,0
625,2024-08-28,1136,EU,FR,web,Fashion,1,47.22,26.8,0
626,2024-08-28,1420,North America,CA,retail,Beauty,2,58.62,30.51,0
627,2024-08-29,190,North America,CA,web,Electronics,4,807.0,625.83,0
628,2024-08-29,239,EU,FR,web,Electronics,1,269.89,215.32,0
629,2024-08-29,1110,North America,CA,web,Sports,3,215.08,148.08,0
630,2024-08-29,1348,APAC,SG,web,Beauty,1,35.58,17.48,0
631,2024-08-30,336,APAC,IN,partner,Electronics,1,307.79,238.76,0
632,2024-08-30,524,EU,ES,app,Fashion,1,52.76,27.3,0
633,2024-08-30,1068,LATAM,CL,app,Home,4,342.78,243.84,0
634,2024-08-31,591,EU,ES,partner,Beauty,1,34.02,16.14,0
635,2024-08-31,37,EU,IT,app,Electronics,1,240.55,202.0,0
636,2024-08-31,1276,LATAM,BR,app,Toys,1,37.8,21.51,0
637,2024-08-31,552,APAC,IN,web,Sports,1,80.23,46.96,0
638,2024-08-31,827,North America,CA,web,Home,1,113.74,72.63,0
639,2024-09-01,1481,North America,US,app,Sports,5,274.1,191.49,0
640,2024-09-01,1346,LATAM,CL,app,Home,1,99.33,69.57,0
641,2024-09-01,899,APAC,IN,app,Fashion,1,49.42,24.86,0
642,2024-09-02,1297,EU,ES,retail,Fashion,1,77.78,40.49,0
643,2024-09-02,47,LATAM,CO,web,Sports,1,76.38,50.25,0
644,2024-09-02,852,EU,NL,web,Beauty,4,141.31,62.72,0
645,2024-09-02,625,North America,US,partner,Fashion,4,191.98,115.88,0
646,2024-09-02,817,North America,CA,partner,Home,4,467.27,316.46,1
647,2024-09-03,1097,EU,NL,partner,Home,1,67.0,41.48,0
648,2024-09-04,1123,North America,US,app,Home,4,426.06,313.76,0
649,2024-09-04,1167,North America,US,web,Sports,3,282.35,198.23,0
650,2024-09-04,1101,EU,GB,web,Sports,2,131.57,78.58,0
651,2024-09-04,230,EU,DE,web,Fashion,5,360.71,190.92,0
652,2024-09-04,760,EU,IT,retail,Fashion,1,74.19,39.28,1
653,2024-09-04,917,North America,CA,web,Sports,2,116.03,76.03,0
654,2024-09-05,657,North America,US,app,Toys,4,133.11,72.57,0
655,2024-09-05,1459,EU,IT,app,Home,4,346.75,225.17,0
656,2024-09-05,14,North America,MX,app,Home,4,263.45,190.62,0
657,2024-09-05,800,North America,CA,retail,Home,3,323.02,229.05,0
658,2024-09-05,342,EU,NL,web,Grocery,1,19.8,16.04,0
659,2024-09-06,20,EU,DE,app,Beauty,1,25.76,12.67,0
660,2024-09-06,83,EU,IT,partner,Books,1,22.12,15.44,0
661,2024-09-06,496,EU,PL,retail,Toys,1,35.53,21.94,0
662,2024-09-06,1160,North America,MX,app,Toys,3,86.54,51.57,0
663,2024-09-06,305,EU,ES,retail,Grocery,1,31.05,24.86,0
664,2024-09-07,1095,EU,GB,partner,Beauty,1,26.17,13.09,0
665,2024-09-07,89,North America,US,retail,Sports,4,308.38,194.74,0
666,2024-09-08,146,North America,US,app,Electronics,4,1128.59,958.8,0
667,2024-09-08,1360,EU,FR,web,Toys,1,37.62,22.86,1
668,2024-09-08,72,North America,CA,retail,Sports,1,85.43,60.51,0
669,2024-09-08,1378,EU,GB,partner,Books,1,19.59,13.47,0
670,2024-09-08,171,EU,ES,web,Books,2,25.8,16.73,0
671,2024-09-08,1239,EU,DE,web,Grocery,1,23.67,20.39,0
672,2024-09-09,1000,North America,MX,web,Books,1,16.77,11.67,0
673,2024-09-09,234,EU,GB,web,Home,1,75.37,47.5,1
674,2024-09-09,908,EU,GB,web,Electronics,1,279.38,238.86,0
675,2024-09-09,65,APAC,SG,retail,Books,2,29.26,22.87,0
676,2024-09-10,5,EU,DE,retail,Beauty,1,43.9,20.19,0
677,2024-09-10,392,North America,US,web,Toys,1,25.5,15.88,0
678,2024-09-10,1014,EU,DE,partner,Electronics,4,1073.7,798.76,0
679,2024-09-10,18,EU,NL,app,Home,4,296.7,211.35,0
680,2024-09-11,1279,EU,GB,app,Electronics,4,1244.41,1047.03,0
681,2024-09-11,921,EU,NL,web,Fashion,1,51.66,30.95,0
682,2024-09-11,483,North America,MX,app,Books,1,17.06,11.82,0
683,2024-09-11,839,EU,ES,app,Books,4,85.27,59.41,0
684,2024-09-12,824,North America,MX,web,Fashion,4,338.51,185.7,0
685,2024-09-12,1009,EU,NL,retail,Toys,1,25.4,14.79,0
686,2024-09-12,1345,APAC,IN,retail,Beauty,1,26.76,13.08,0
687,2024-09-12,280,EU,IT,web,Books,1,13.74,9.02,0
688,2024-09-12,1057,North America,CA,web,Books,4,56.64,36.9,0
689,2024-09-12,819,EU,DE,web,Books,1,17.23,12.51,0
690,2024-09-13,442,North America,US,web,Sports,1,65.72,42.08,0
691,2024-09-13,760,EU,IT,web,Toys,4,135.54,83.09,0
692,2024-09-14,275,EU,NL,web,Grocery,1,21.32,17.43,0
693,2024-09-14,975,EU,IT,app,Grocery,1,27.12,20.92,0
694,2024-09-14,1035,EU,FR,web,Sports,5,264.05,173.54,0
695,2024-09-14,230,EU,DE,retail,Sports,4,198.87,137.58,0
696,2024-09-15,669,North America,CA,app,Grocery,1,34.86,31.1,0
697,2024-09-15,805,EU,DE,app,Beauty,4,120.11,56.67,0
698,2024-09-15,932,North America,US,web,Grocery,1,29.9,23.99,0
699,2024-09-16,585,EU,PL,web,Toys,1,33.39,21.53,0
700,2024-09-17,1379,North America,MX,web,Sports,1,86.45,61.0,0
701,2024-09-17,453,EU,GB,retail,Beauty,1,44.74,21.56,0
702,2024-09-18,784,LATAM,CL,app,Home,2,138.64,91.79,0
703,2024-09-18,726,EU,IT,app,Home,1,70.48,48.04,0
704,2024-09-18,645,APAC,JP,partner,Beauty,1,33.88,17.78,0
705,2024-09-18,1183,North America,US,app,Sports,4,294.97,183.33,0
706,2024-09-19,313,EU,DE,app,Home,4,280.06,200.12,0
707,2024-09-19,1363,North America,US,app,Toys,2,85.21,46.87,0
708,2024-09-19,175,EU,IT,web,Sports,1,84.74,55.93,0
709,2024-09-19,61,APAC,SG,app,Beauty,4,172.67,80.29,0
710,2024-09-19,600,North America,US,web,Grocery,4,83.14,64.86,0
711,2024-09-20,917,North America,CA,retail,Books,3,48.94,34.12,0
712,2024-09-21,756,North America,US,partner,Electronics,1,210.21,166.74,0
713,2024-09-21,1199,APAC,JP,web,Toys,2,63.74,35.17,0
714,2024-09-21,1263,North America,US,web,Grocery,1,29.79,24.87,0
715,2024-09-21,27,LATAM,CO,retail,Toys,4,149.32,96.49,0
716,2024-09-21,882,EU,DE,app,Grocery,2,58.64,53.91,1
717,2024-09-22,943,North America,MX,app,Electronics,1,287.21,255.89,0
718,2024-09-22,521,North America,CA,web,Toys,4,94.27,53.83,0
719,2024-09-22,1101,EU,GB,web,Fashion,1,63.52,34.02,0
720,2024-09-22,887,EU,NL,web,Home,1,66.96,47.7,0
721,2024-09-22,1276,LATAM,BR,app,Sports,2,128.0,75.31,0
722,2024-09-23,709,North America,US,app,Fashion,1,57.74,29.95,0
723,2024-09-23,1277,APAC,AU,web,Grocery,1,31.98,27.05,0
724,2024-09-23,685,EU,GB,web,Fashion,1,58.0,31.19,0
725,2024-09-23,902,North America,CA,retail,Fashion,1,75.33,38.74,0
726,2024-09-24,940,North America,CA,web,Electronics,1,235.6,178.88,0
727,2024-09-24,1287,North America,CA,web,Home,1,106.61,79.02,0
728,2024-09-24,899,APAC,IN,partner,Grocery,1,26.51,22.23,0
729,2024-09-25,1413,EU,DE,app,Electronics,1,263.05,212.44,0
730,2024-09-25,506,North America,CA,partner,Toys,4,143.0,82.82,0
731,2024-09-25,483,North America,MX,app,Grocery,1,25.67,21.74,0
732,2024-09-25,660,North America,MX,app,Grocery,1,28.84,22.96,0
733,2024-09-25,1322,North America,US,web,Sports,2,155.63,105.36,0
734,2024-09-26,810,North America,MX,retail,Grocery,1,26.63,21.4,0
735,2024-09-26,295,North America,US,retail,Grocery,4,108.05,98.18,0
736,2024-09-26,1390,North America,US,retail,Home,3,256.94,183.98,0
737,2024-09-27,85,EU,FR,retail,Fashion,4,181.51,106.56,1
738,2024-09-27,1184,EU,GB,partner,Fashion,2,152.9,92.13,0
739,2024-09-27,228,North America,US,web,Electronics,1,198.61,163.33,0
740,2024-09-27,264,APAC,SG,app,Grocery,4,85.89,68.11,0
741,2024-09-28,501,North America,CA,app,Beauty,4,113.06,51.5,0
742,2024-09-28,652,EU,FR,partner,Fashion,2,109.54,57.69,0
743,2024-09-28,1032,APAC,KR,retail,Grocery,6,188.32,145.59,0
744,2024-09-28,104,North America,US,web,Beauty,1,27.25,13.46,0
745,2024-09-28,1145,North America,US,web,Books,1,19.71,13.8,0
746,2024-09-28,637,EU,ES,web,Books,1,18.47,12.29,0
747,2024-09-28,843,APAC,KR,web,Sports,5,394.76,245.97,0
748,2024-09-29,479,LATAM,CL,web,Grocery,1,27.99,25.57,0
749,2024-09-29,634,LATAM,BR,web,Home,3,317.74,201.59,0
750,2024-09-29,1412,North America,CA,web,Toys,1,33.68,18.59,1
751,2024-09-29,1470,APAC,JP,web,Books,2,35.43,25.75,0
752,2024-09-29,1254,EU,DE,retail,Electronics,1,281.14,212.98,0
753,2024-09-30,782,LATAM,BR,app,Books,1,22.17,15.46,0
754,2024-09-30,957,EU,PL,web,Home,1,64.0,44.76,0
755,2024-09-30,1433,EU,GB,app,Beauty,2,54.43,25.01,0
756,2024-09-30,665,APAC,AU,app,Electronics,1,195.67,167.74,0
757,2024-09-30,425,North America,MX,app,Fashion,2,105.01,53.7,0
758,2024-10-01,1040,EU,PL,web,Fashion,4,293.83,173.01,0
759,2024-10-01,450,EU,NL,app,Beauty,2,84.48,43.19,0
760,2024-10-01,1112,APAC,IN,web,Fashion,1,51.73,29.11,0
761,2024-10-01,150,EU,ES,app,Beauty,2,81.79,41.24,0
762,2024-10-01,602,APAC,SG,retail,Sports,2,152.86,89.87,1
763,2024-10-01,721,APAC,KR,web,Electronics,1,185.98,161.27,0
764,2024-10-01,971,North America,US,web,Fashion,1,65.4,33.9,0
765,2024-10-01,697,EU,ES,web,Sports,1,77.3,54.59,0
766,2024-10-01,801,EU,NL,web,Books,1,14.94,11.11,0
767,2024-10-01,818,North America,MX,web,Sports,2,183.29,114.01,0
768,2024-10-02,372,North America,MX,web,Home,4,295.66,210.85,0
769,2024-10-02,621,North America,CA,retail,Toys,1,24.9,15.49,0
770,2024-10-02,1399,LATAM,BR,app,Toys,4,132.99,74.43,0
771,2024-10-03,215,APAC,JP,web,Fashion,3,233.08,119.51,1
772,2024-10-03,374,North America,CA,app,Home,5,566.69,412.26,0
773,2024-10-03,216,North America,CA,web,Electronics,1,197.25,148.58,0
774,2024-10-03,613,LATAM,CO,app,Toys,1,31.8,19.69,0
775,2024-10-03,1058,APAC,AU,web,Electronics,1,269.18,199.32,1
776,2024-10-04,347,LATAM,CO,app,Toys,1,34.82,21.28,1
777,2024-10-04,488,EU,PL,app,Home,2,174.56,127.06,0
778,2024-10-04,336,APAC,IN,web,Sports,1,49.44,33.06,0
779,2024-10-04,741,North America,MX,retail,Books,2,51.08,37.18,0
780,2024-10-04,493,EU,PL,app,Beauty,4,106.07,51.13,0
781,2024-10-05,1095,EU,GB,retail,Electronics,4,732.3,593.72,0
782,2024-10-05,244,APAC,KR,web,Fashion,4,233.29,136.53,0
783,2024-10-06,148,APAC,IN,web,Home,1,81.42,51.12,0
784,2024-10-06,1199,APAC,JP,retail,Electronics,1,250.76,225.5,0
785,2024-10-06,805,EU,DE,web,Sports,4,325.72,232.02,0
786,2024-10-06,873,North America,MX,partner,Toys,1,37.05,23.66,0
787,2024-10-06,732,EU,PL,web,Sports,1,77.01,50.94,0
788,2024-10-07,866,APAC,AU,partner,Sports,4,235.09,140.73,0
789,2024-10-07,686,North America,CA,app,Electronics,1,190.17,167.91,0
790,2024-10-07,437,EU,FR,partner,Books,2,25.63,17.32,0
791,2024-10-07,1008,APAC,JP,web,Beauty,4,133.64,64.41,0
792,2024-10-07,609,LATAM,CO,web,Electronics,1,203.58,153.68,0
793,2024-10-07,1485,LATAM,CO,app,Sports,1,77.0,48.03,0
794,2024-10-07,302,LATAM,CL,app,Home,1,66.83,48.77,0
795,2024-10-07,1423,EU,GB,app,Toys,1,26.68,16.21,0
796,2024-10-07,1473,APAC,IN,web,Grocery,1,23.68,21.22,0
797,2024-10-08,175,EU,IT,web,Books,1,22.93,17.34,0
798,2024-10-08,215,APAC,JP,retail,Home,1,103.11,71.57,0
799,2024-10-08,532,North America,US,web,Grocery,1,22.18,17.18,0
800,2024-10-08,830,EU,IT,app,Grocery,1,29.89,25.1,0
801,2024-10-08,114,APAC,KR,web,Home,2,211.87,151.45,0
802,2024-10-08,599,LATAM,BR,partner,Toys,1,31.77,18.51,0
803,2024-10-09,525,North America,MX,retail,Grocery,1,30.55,28.18,0
804,2024-10-09,322,North America,US,app,Fashion,5,304.46,172.18,0
805,2024-10-09,864,North America,MX,web,Sports,2,195.59,123.1,0
806,2024-10-09,936,APAC,SG,web,Books,4,58.43,43.47,0
807,2024-10-10,209,EU,DE,retail,Home,2,138.08,93.11,0
808,2024-10-10,1478,APAC,SG,partner,Toys,5,152.22,97.62,0
809,2024-10-10,37,EU,IT,web,Beauty,2,66.13,34.52,0
810,2024-10-10,1422,APAC,JP,web,Beauty,1,38.71,19.76,0
811,2024-10-11,135,EU,PL,web,Books,1,19.84,13.45,0
812,2024-10-11,1191,North America,CA,web,Grocery,4,139.15,113.43,0
813,2024-10-11,206,LATAM,AR,web,Electronics,2,463.78,403.61,0
814,2024-10-12,1198,EU,IT,web,Toys,2,55.31,34.23,0
815,2024-10-12,569,EU,GB,app,Toys,4,145.72,87.53,0
816,2024-10-12,758,EU,IT,web,Home,1,97.15,65.74,0
817,2024-10-12,400,LATAM,AR,partner,Fashion,2,141.46,79.5,0
818,2024-10-13,168,North America,MX,app,Electronics,1,311.69,248.05,0
819,2024-10-13,627,North America,MX,app,Toys,1,24.46,14.84,0
820,2024-10-13,215,APAC,JP,partner,Beauty,1,35.52,18.09,0
821,2024-10-14,184,North America,CA,web,Toys,1,41.12,25.96,0
822,2024-10-14,283,North America,MX,partner,Books,5,75.6,50.08,0
823,2024-10-14,182,EU,DE,partner,Fashion,4,301.05,180.09,0
824,2024-10-14,567,EU,NL,partner,Fashion,1,65.9,34.76,0
825,2024-10-14,1152,EU,DE,web,Toys,1,32.92,19.87,0
826,2024-10-15,1028,North America,CA,retail,Fashion,1,53.13,30.6,1
827,2024-10-15,114,APAC,KR,retail,Beauty,1,38.68,19.11,0
828,2024-10-15,1424,North America,US,web,Home,2,172.52,107.48,0
829,2024-10-15,1386,EU,IT,app,Beauty,4,171.54,84.21,0
830,2024-10-15,896,North America,MX,app,Electronics,1,204.13,182.78,0
831,2024-10-15,65,APAC,SG,retail,Beauty,1,42.19,21.8,0
832,2024-10-16,99,North America,US,web,Toys,1,37.63,21.04,0
833,2024-10-17,1357,APAC,SG,app,Grocery,1,21.68,19.59,0
834,2024-10-17,1299,LATAM,CL,partner,Books,3,46.78,32.84,0
835,2024-10-17,717,North America,US,app,Books,1,22.95,16.66,0
836,2024-10-17,267,North America,US,app,Home,4,456.08,311.88,0
837,2024-10-18,150,EU,ES,app,Sports,1,61.58,42.35,0
838,2024-10-18,1392,North America,MX,partner,Home,4,463.06,322.84,0
839,2024-10-18,1337,EU,ES,app,Books,4,65.75,45.92,0
840,2024-10-18,680,EU,FR,web,Sports,1,50.09,30.62,0
841,2024-10-18,496,EU,PL,web,Beauty,2,57.86,29.56,0
842,2024-10-19,1005,North America,MX,web,Electronics,1,342.83,267.22,0
843,2024-10-19,2,EU,FR,web,Books,2,28.85,19.01,0
844,2024-10-19,1369,APAC,JP,app,Grocery,2,40.87,33.62,0
845,2024-10-19,483,North America,MX,web,Toys,1,26.93,16.69,0
846,2024-10-19,1023,EU,GB,app,Electronics,4,1112.2,979.55,0
847,2024-10-20,984,North America,CA,web,Beauty,3,110.82,50.4,0
848,2024-10-20,1071,LATAM,CL,web,Books,1,22.87,17.54,0
849,2024-10-20,857,EU,ES,web,Toys,1,35.03,19.3,0
850,2024-10-20,1444,North America,CA,web,Books,1,18.47,12.37,0
851,2024-10-20,1190,North America,CA,retail,Toys,4,108.86,64.32,0
852,2024-10-20,218,North America,MX,app,Grocery,1,19.74,16.9,0
853,2024-10-21,1098,North America,US,web,Home,4,425.06,272.09,0
854,2024-10-21,13,APAC,JP,web,Home,1,107.03,68.09,0
855,2024-10-21,784,LATAM,CL,retail,Beauty,2,79.77,35.96,0
856,2024-10-21,817,North America,CA,retail,Grocery,1,29.97,26.21,0
857,2024-10-21,878,North America,MX,web,Toys,2,56.64,31.54,0
858,2024-10-21,1477,North America,CA,app,Beauty,5,217.4,106.37,0
859,2024-10-21,1287,North America,CA,retail,Toys,1,33.71,18.54,0
860,2024-10-21,552,APAC,IN,retail,Home,1,102.3,74.76,0
861,2024-10-22,468,North America,MX,web,Grocery,1,21.24,18.97,0
862,2024-10-22,764,EU,NL,app,Toys,5,107.34,70.8,1
863,2024-10-22,944,APAC,IN,retail,Sports,5,254.44,178.42,0
864,2024-10-22,1357,APAC,SG,app,Beauty,1,42.66,21.61,0
865,2024-10-22,951,North America,CA,app,Sports,4,365.14,231.4,0
866,2024-10-22,671,North America,CA,retail,Beauty,4,192.13,94.54,0
867,2024-10-23,782,LATAM,BR,retail,Electronics,2,423.81,360.34,0
868,2024-10-23,1364,North America,CA,web,Sports,1,89.84,61.11,0
869,2024-10-23,627,North America,MX,app,Fashion,1,81.46,47.0,0
870,2024-10-23,801,EU,NL,app,Books,2,34.84,25.45,0
871,2024-10-23,1289,North America,MX,web,Grocery,4,119.87,92.59,0
872,2024-10-23,897,LATAM,BR,web,Books,2,35.4,23.32,0
873,2024-10-24,524,EU,ES,retail,Books,1,21.96,15.48,0
874,2024-10-24,1019,North America,US,retail,Beauty,1,43.3,19.77,0
875,2024-10-24,393,North America,US,web,Beauty,4,155.73,70.44,0
876,2024-10-24,954,North America,US,retail,Toys,5,143.55,89.75,0
877,2024-10-24,819,EU,DE,web,Toys,1,28.63,15.97,0
878,2024-10-24,1275,North America,MX,web,Books,1,25.56,19.63,0
879,2024-10-25,975,EU,IT,retail,Sports,1,49.81,34.7,0
880,2024-10-25,412,EU,IT,retail,Books,2,29.33,19.2,0
881,2024-10-25,1339,APAC,JP,retail,Grocery,1,25.52,21.89,0
882,2024-10-25,1156,North America,US,retail,Toys,1,27.77,15.64,0
883,2024-10-25,1027,North America,CA,partner,Electronics,1,264.85,234.77,0
884,2024-10-26,392,North America,US,web,Grocery,2,51.97,44.02,0
885,2024-10-26,950,North America,US,app,Books,1,20.84,15.3,0
886,2024-10-26,288,LATAM,CL,retail,Home,1,73.26,53.63,1
887,2024-10-26,1252,EU,ES,app,Electronics,1,269.33,219.57,0
888,2024-10-26,1385,North America,MX,app,Sports,4,333.42,210.16,0
889,2024-10-27,1198,EU,IT,web,Grocery,2,38.44,33.78,0
890,2024-10-27,458,North America,MX,web,Sports,1,62.5,38.08,0
891,2024-10-27,352,APAC,IN,app,Beauty,1,43.18,19.96,0
892,2024-10-27,855,EU,FR,web,Beauty,4,123.89,58.7,0
893,2024-10-27,230,EU,DE,web,Books,4,68.35,47.8,0
894,2024-10-28,981,APAC,KR,retail,Fashion,5,338.56,179.45,0
895,2024-10-28,1441,EU,PL,retail,Sports,4,323.72,208.18,0
896,2024-10-28,230,EU,DE,web,Fashion,5,304.21,174.7,0
897,2024-10-28,609,LATAM,CO,web,Sports,1,78.94,51.69,0
898,2024-10-28,431,EU,GB,retail,Home,1,70.38,44.28,0
899,2024-10-29,265,EU,NL,web,Books,1,19.05,13.18,0
900,2024-10-29,336,APAC,IN,web,Sports,1,87.5,58.89,0
901,2024-10-29,1369,APAC,JP,web,Beauty,1,32.37,15.1,0
902,2024-10-30,1256,EU,GB,app,Electronics,1,283.61,238.55,0
903,2024-10-30,688,North America,US,app,Grocery,1,32.49,28.34,0
904,2024-10-30,1386,EU,IT,web,Books,7,142.83,93.39,0
905,2024-10-30,1461,LATAM,CO,app,Books,4,77.42,53.68,0
906,2024-10-30,183,APAC,KR,partner,Grocery,2,41.18,37.96,0
907,2024-10-31,958,North America,US,app,Beauty,1,36.91,17.93,0
908,2024-10-31,976,LATAM,BR,web,Books,3,42.88,32.69,0
909,2024-10-31,88,EU,IT,web,Grocery,1,18.78,14.69,0
910,2024-10-31,1031,North America,MX,partner,Fashion,2,137.87,73.72,0
911,2024-10-31,1053,North America,US,retail,Books,4,85.54,61.73,0
912,2024-10-31,20,EU,DE,retail,Home,4,360.99,252.74,0
913,2024-10-31,1217,LATAM,AR,app,Beauty,4,141.0,63.73,0
914,2024-11-01,163,North America,US,web,Sports,5,391.07,272.13,0
915,2024-11-01,139,APAC,JP,app,Fashion,6,302.94,166.49,1
916,2024-11-01,621,North America,CA,app,Sports,1,85.42,55.81,0
917,2024-11-01,316,North America,MX,retail,Fashion,3,223.01,134.85,0
918,2024-11-02,741,North America,MX,retail,Toys,1,37.96,23.74,0
919,2024-11-02,330,North America,CA,web,Electronics,2,619.99,551.51,0
920,2024-11-02,981,APAC,KR,retail,Sports,3,231.72,148.44,0
921,2024-11-02,1433,EU,GB,web,Toys,2,55.69,33.97,0
922,2024-11-02,216,North America,CA,web,Electronics,2,453.29,383.4,1
923,2024-11-02,324,EU,PL,web,Books,1,18.02,13.14,0
924,2024-11-02,372,North America,MX,retail,Grocery,9,242.0,199.07,0
925,2024-11-03,1299,LATAM,CL,retail,Beauty,1,32.84,15.06,0
926,2024-11-03,423,APAC,IN,web,Fashion,4,246.81,149.03,0
927,2024-11-03,195,APAC,SG,web,Home,4,332.42,244.95,0
928,2024-11-03,832,North America,MX,partner,Home,1,112.21,70.98,0
929,2024-11-03,693,LATAM,AR,retail,Books,3,55.38,36.25,0
930,2024-11-03,777,EU,IT,app,Beauty,3,108.96,56.64,0
931,2024-11-03,943,North America,MX,partner,Sports,1,81.51,55.27,0
932,2024-11-04,1363,North America,US,web,Fashion,1,57.38,31.69,0
933,2024-11-04,567,EU,NL,partner,Fashion,1,67.52,40.39,0
934,2024-11-04,269,EU,PL,app,Beauty,2,71.97,33.72,0
935,2024-11-04,675,EU,DE,web,Home,6,500.25,347.55,0
936,2024-11-04,305,EU,ES,partner,Toys,1,35.18,21.82,0
937,2024-11-04,1205,APAC,AU,app,Grocery,2,52.14,44.4,0
938,2024-11-05,873,North America,MX,app,Books,1,17.59,11.93,0
939,2024-11-05,1252,EU,ES,web,Fashion,1,72.77,42.13,0
940,2024-11-05,410,EU,NL,retail,Fashion,1,63.26,35.69,1
941,2024-11-05,240,EU,GB,web,Electronics,2,486.4,404.11,0
942,2024-11-05,584,North America,CA,app,Home,1,85.06,55.05,0
943,2024-11-05,1405,EU,FR,partner,Electronics,1,232.13,175.52,0
944,2024-11-05,633,LATAM,CO,web,Books,2,31.92,23.53,0
945,2024-11-05,1353,North America,MX,retail,Books,1,19.0,13.18,0
946,2024-11-06,617,EU,PL,app,Sports,1,87.16,57.16,0
947,2024-11-06,508,LATAM,CO,app,Fashion,4,178.54,102.5,0
948,2024-11-06,400,LATAM,AR,web,Grocery,1,24.08,19.93,0
949,2024-11-06,1353,North America,MX,retail,Books,2,36.18,24.72,0
950,2024-11-07,393,North America,US,web,Sports,4,254.05,179.69,0
951,2024-11-07,670,North America,CA,partner,Books,3,49.85,33.41,0
952,2024-11-07,799,APAC,IN,retail,Beauty,1,33.32,16.76,0
953,2024-11-07,932,North America,US,web,Fashion,1,46.35,27.92,0
954,2024-11-07,827,North America,CA,app,Fashion,2,158.37,88.55,0
955,2024-11-07,660,North America,MX,retail,Grocery,1,20.44,17.38,0
956,2024-11-07,1487,APAC,JP,app,Home,1,75.55,51.73,0
957,2024-11-07,346,North America,US,app,Toys,4,126.1,75.31,0
958,2024-11-08,785,North America,MX,web,Home,4,262.22,171.34,0
959,2024-11-08,1075,North America,MX,app,Beauty,1,29.25,13.41,0
960,2024-11-08,1042,LATAM,BR,app,Books,1,18.75,12.23,0
961,2024-11-08,337,EU,DE,retail,Fashion,1,59.38,34.99,0
962,2024-11-09,1123,North America,US,web,Beauty,1,42.66,18.9,0
963,2024-11-09,68,EU,DE,app,Grocery,1,21.28,18.73,0
964,2024-11-09,1285,EU,NL,retail,Beauty,1,39.75,19.7,0
965,2024-11-09,861,EU,ES,app,Fashion,4,286.19,148.29,0
966,2024-11-09,1423,EU,GB,app,Home,2,135.83,97.24,0
967,2024-11-09,202,APAC,IN,web,Home,1,64.56,42.01,0
968,2024-11-10,841,EU,NL,partner,Fashion,3,160.42,85.01,0
969,2024-11-10,200,North America,CA,retail,Toys,2,84.11,55.02,0
970,2024-11-10,211,North America,MX,app,Beauty,2,68.12,30.72,0
971,2024-11-10,851,EU,ES,partner,Beauty,1,42.47,19.41,0
972,2024-11-10,1094,North America,MX,app,Electronics,1,211.45,177.49,0
973,2024-11-10,335,APAC,KR,web,Electronics,4,733.09,652.33,0
974,2024-11-10,518,North America,MX,retail,Toys,4,156.15,86.84,0
975,2024-11-10,1142,North America,CA,retail,Toys,1,27.04,17.32,0
976,2024-11-10,1328,North America,US,web,Home,1,73.53,46.58,0
977,2024-11-10,1424,North America,US,app,Electronics,1,268.83,204.29,0
978,2024-11-10,722,APAC,AU,web,Home,3,322.65,204.93,0
979,2024-11-11,1334,APAC,KR,retail,Sports,1,71.68,48.51,0
980,2024-11-11,235,North America,US,web,Grocery,4,130.2,103.14,0
981,2024-11-11,191,LATAM,BR,app,Books,1,21.05,15.47,0
982,2024-11-11,1387,EU,DE,retail,Toys,1,34.52,22.27,0
983,2024-11-11,282,North America,MX,app,Electronics,1,213.51,168.61,0
984,2024-11-11,1190,North America,CA,partner,Fashion,4,214.13,111.46,0
985,2024-11-12,1398,APAC,JP,app,Fashion,1,59.93,33.38,0
986,2024-11-12,1283,North America,MX,app,Fashion,2,118.56,62.73,0
987,2024-11-12,1388,North America,CA,web,Toys,1,31.76,18.25,0
988,2024-11-12,1410,EU,IT,web,Sports,4,205.55,130.21,0
989,2024-11-12,548,APAC,SG,web,Books,2,27.09,20.67,0
990,2024-11-12,1387,EU,DE,app,Fashion,2,101.68,61.37,0
991,2024-11-12,1386,EU,IT,web,Home,4,400.02,247.58,0
992,2024-11-13,770,North America,CA,web,Grocery,1,30.29,24.71,0
993,2024-11-13,620,North America,CA,app,Fashion,1,72.39,36.37,0
994,2024-11-13,1381,EU,GB,app,Toys,3,107.85,59.47,0
995,2024-11-13,86,EU,DE,web,Books,4,62.27,42.65,0
996,2024-11-13,450,EU,NL,web,Toys,2,66.23,39.63,0
997,2024-11-13,390,EU,FR,app,Grocery,3,78.05,63.12,0
998,2024-11-13,896,North America,MX,retail,Home,1,85.94,54.22,1
999,2024-11-13,1260,North America,MX,web,Grocery,1,31.78,26.61,0
1000,2024-11-14,404,APAC,IN,partner,Electronics,1,175.15,152.65,0
1001,2024-11-14,327,North America,US,partner,Home,2,203.17,134.88,0
1002,2024-11-14,330,North America,CA,web,Sports,2,190.79,127.68,0
1003,2024-11-14,378,EU,NL,app,Sports,2,167.62,102.54,0
1004,2024-11-15,110,North America,MX,web,Grocery,1,32.14,28.53,0
1005,2024-11-15,800,North America,CA,app,Home,1,118.84,82.81,0
1006,2024-11-15,758,EU,IT,web,Sports,1,76.09,44.87,0
1007,2024-11-15,18,EU,NL,retail,Fashion,4,302.57,170.43,1
1008,2024-11-15,1068,LATAM,CL,web,Beauty,1,36.83,17.08,0
1009,2024-11-15,1023,EU,GB,app,Sports,4,294.6,185.9,0
1010,2024-11-15,1186,North America,MX,web,Home,2,230.84,159.76,0
1011,2024-11-16,590,APAC,JP,web,Books,4,87.76,57.01,0
1012,2024-11-16,124,LATAM,CL,app,Fashion,1,45.37,26.57,0
1013,2024-11-16,410,EU,NL,web,Home,1,88.46,55.16,0
1014,2024-11-16,811,North America,US,web,Sports,4,379.09,263.53,0
1015,2024-11-16,1409,North America,MX,web,Beauty,1,35.55,16.65,0
1016,2024-11-16,664,North America,MX,web,Electronics,1,268.79,209.24,0
1017,2024-11-16,14,North America,MX,web,Books,4,63.54,44.02,0
1018,2024-11-16,801,EU,NL,web,Grocery,1,22.13,17.53,0
1019,2024-11-16,127,North America,US,web,Electronics,1,196.9,166.46,0
1020,2024-11-16,882,EU,DE,retail,Beauty,1,39.42,17.91,0
1021,2024-11-16,145,EU,FR,retail,Electronics,2,347.78,269.19,0
1022,2024-11-16,88,EU,IT,app,Home,2,204.93,127.28,0
1023,2024-11-17,458,North America,MX,retail,Grocery,2,69.59,56.22,0
1024,2024-11-17,713,EU,IT,app,Grocery,3,79.7,72.04,0
1025,2024-11-17,723,EU,GB,retail,Toys,4,88.54,52.81,0
1026,2024-11-17,261,APAC,SG,partner,Home,1,67.35,45.54,0
1027,2024-11-17,337,EU,DE,app,Sports,1,71.84,50.88,0
1028,2024-11-17,176,North America,CA,retail,Grocery,2,39.41,30.46,0
1029,2024-11-17,922,EU,ES,web,Toys,2,74.41,45.71,0
1030,2024-11-17,34,North America,US,app,Electronics,1,294.81,251.34,1
1031,2024-11-17,405,LATAM,BR,app,Grocery,4,111.13,99.13,0
1032,2024-11-18,320,APAC,IN,web,Fashion,1,46.55,26.04,0
1033,2024-11-18,1345,APAC,IN,web,Sports,1,64.32,43.17,1
1034,2024-11-18,1366,EU,GB,web,Electronics,1,254.79,228.67,0
1035,2024-11-18,296,LATAM,CL,web,Toys,1,37.17,21.41,0
1036,2024-11-18,257,North America,US,web,Fashion,1,46.81,24.76,0
1037,2024-11-18,1318,North America,US,web,Beauty,1,31.71,15.88,0
1038,2024-11-18,110,North America,MX,web,Fashion,1,74.08,36.77,0
1039,2024-11-18,141,EU,IT,web,Books,4,81.85,61.76,0
1040,2024-11-19,998,EU,GB,app,Toys,5,118.6,76.96,0
1041,2024-11-20,731,North America,US,app,Home,1,85.54,54.56,0
1042,2024-11-20,944,APAC,IN,web,Beauty,4,157.99,73.92,1
1043,2024-11-20,1299,LATAM,CL,app,Toys,2,47.74,31.32,0
1044,2024-11-20,1228,North America,CA,app,Home,1,81.91,51.97,0
1045,2024-11-20,680,EU,FR,web,Electronics,2,594.83,475.54,0
1046,2024-11-21,1171,EU,FR,app,Electronics,1,284.75,256.17,0
1047,2024-11-21,688,North America,US,web,Toys,1,29.09,16.92,0
1048,2024-11-21,567,EU,NL,web,Sports,1,60.05,36.08,0
1049,2024-11-21,872,EU,DE,app,Sports,1,57.15,39.28,0
1050,2024-11-21,160,EU,FR,app,Fashion,1,67.84,36.62,0
1051,2024-11-21,696,North America,CA,partner,Beauty,2,74.18,37.78,0
1052,2024-11-22,1461,LATAM,CO,web,Electronics,4,769.72,587.41,0
1053,2024-11-22,8,EU,ES,app,Grocery,4,82.62,66.41,0
1054,2024-11-22,465,North America,MX,retail,Grocery,2,42.7,38.45,0
1055,2024-11-22,433,EU,GB,app,Beauty,1,30.81,14.16,0
1056,2024-11-22,719,EU,NL,app,Books,1,23.37,15.36,0
1057,2024-11-22,1017,EU,NL,web,Grocery,1,30.37,24.69,0
1058,2024-11-22,110,North America,MX,web,Toys,1,35.99,21.09,0
1059,2024-11-23,372,North America,MX,app,Grocery,4,78.35,71.26,0
1060,2024-11-23,359,North America,CA,web,Toys,1,36.76,20.12,0
1061,2024-11-23,1449,EU,DE,app,Toys,1,38.83,21.69,0
1062,2024-11-23,435,EU,ES,app,Books,1,16.34,12.44,0
1063,2024-11-23,561,EU,PL,partner,Toys,1,23.37,13.61,0
1064,2024-11-23,342,EU,NL,app,Sports,1,64.33,42.81,0
1065,2024-11-23,1493,EU,GB,retail,Beauty,1,31.95,14.27,0
1066,2024-11-23,1106,North America,MX,web,Beauty,1,40.74,20.33,0
1067,2024-11-23,378,EU,NL,app,Grocery,1,24.63,20.66,0
1068,2024-11-24,1425,LATAM,BR,app,Grocery,2,51.56,43.03,0
1069,2024-11-24,1277,APAC,AU,app,Fashion,1,51.81,27.73,1
1070,2024-11-24,945,North America,US,web,Beauty,4,193.21,102.0,0
1071,2024-11-24,595,North America,US,web,Beauty,1,28.23,14.32,0
1072,2024-11-24,1379,North America,MX,web,Fashion,1,70.15,37.29,0
1073,2024-11-24,936,APAC,SG,web,Electronics,4,925.6,708.94,0
1074,2024-11-24,1190,North America,CA,web,Beauty,4,187.98,86.7,0
1075,2024-11-24,1473,APAC,IN,app,Electronics,1,288.78,231.02,0
1076,2024-11-25,819,EU,DE,web,Sports,2,146.58,92.58,0
1077,2024-11-25,757,APAC,KR,retail,Sports,2,166.19,105.0,0
1078,2024-11-25,1390,North America,US,app,Books,1,23.57,17.87,0
1079,2024-11-25,983,North America,MX,web,Electronics,1,319.66,272.88,0
1080,2024-11-26,410,EU,NL,partner,Toys,2,48.44,31.11,0
1081,2024-11-26,425,North America,MX,retail,Toys,1,34.5,19.92,0
1082,2024-11-26,670,North America,CA,retail,Books,1,20.07,15.14,0
1083,2024-11-26,514,North America,US,app,Grocery,4,103.42,92.42,0
1084,2024-11-26,814,EU,PL,web,Books,2,32.8,22.08,0
1085,2024-11-26,1277,APAC,AU,app,Electronics,5,862.11,670.27,1
1086,2024-11-26,698,EU,ES,app,Books,5,103.92,75.4,0
1087,2024-11-27,87,North America,MX,app,Toys,1,35.98,20.0,0
1088,2024-11-27,763,North America,US,retail,Toys,1,41.63,24.44,0
1089,2024-11-27,47,LATAM,CO,web,Home,4,352.02,217.64,0
1090,2024-11-27,1156,North America,US,partner,Fashion,1,58.5,32.24,0
1091,2024-11-27,486,APAC,AU,retail,Fashion,1,71.46,37.52,0
1092,2024-11-28,1419,APAC,IN,app,Grocery,4,98.41,82.35,0
1093,2024-11-28,593,APAC,IN,retail,Toys,1,33.43,20.29,0
1094,2024-11-28,390,EU,FR,web,Grocery,3,95.81,83.19,0
1095,2024-11-28,386,LATAM,CO,app,Toys,4,123.73,69.57,0
1096,2024-11-28,291,North America,MX,web,Electronics,1,284.87,247.99,0
1097,2024-11-28,506,North America,CA,retail,Sports,4,358.58,250.24,0
1098,2024-11-28,719,EU,NL,web,Home,3,198.63,144.7,0
1099,2024-11-28,1244,APAC,JP,app,Grocery,1,21.15,17.47,0
1100,2024-11-29,229,EU,ES,web,Grocery,4,70.65,55.42,0
1101,2024-11-29,411,APAC,JP,retail,Toys,2,70.83,44.73,0
1102,2024-11-29,30,EU,NL,web,Toys,1,28.94,16.16,0
1103,2024-11-29,552,APAC,IN,app,Sports,1,77.1,52.93,0
1104,2024-11-29,594,EU,IT,app,Electronics,1,215.59,188.55,0
1105,2024-11-29,1374,North America,US,app,Home,1,111.55,70.01,0
1106,2024-11-29,1493,EU,GB,web,Toys,1,38.82,22.92,0
1107,2024-11-29,473,North America,MX,retail,Fashion,1,55.04,31.84,0
1108,2024-11-29,297,North America,CA,retail,Books,2,31.58,24.61,0
1109,2024-11-30,1177,APAC,JP,web,Grocery,1,19.14,17.14,0
1110,2024-11-30,1014,EU,DE,web,Home,5,408.52,283.4,0
1111,2024-11-30,1223,LATAM,BR,web,Home,4,389.58,271.85,0
1112,2024-12-01,604,North America,MX,retail,Electronics,1,193.08,147.22,0
1113,2024-12-01,1366,EU,GB,partner,Toys,2,59.4,36.12,0
1114,2024-12-01,1155,APAC,IN,app,Fashion,1,57.79,29.82,0
1115,2024-12-01,129,EU,DE,web,Electronics,2,496.36,445.08,0
1116,2024-12-01,92,APAC,KR,partner,Beauty,5,195.03,102.4,0
1117,2024-12-01,363,EU,ES,app,Home,2,211.31,150.75,0
1118,2024-12-02,24,APAC,JP,web,Books,1,23.19,17.89,0
1119,2024-12-02,259,EU,PL,web,Books,2,43.38,30.53,0
1120,2024-12-02,1088,APAC,SG,partner,Home,1,62.87,45.68,1
1121,2024-12-02,1096,APAC,AU,app,Beauty,3,101.49,51.1,0
1122,2024-12-02,186,North America,US,web,Home,1,79.64,55.3,0
1123,2024-12-02,224,North America,MX,app,Beauty,1,39.62,19.21,0
1124,2024-12-02,229,EU,ES,web,Beauty,4,141.29,66.82,0
1125,2024-12-02,717,North America,US,web,Sports,1,58.8,34.52,0
1126,2024-12-03,168,North America,MX,web,Beauty,1,42.14,19.7,0
1127,2024-12-03,810,North America,MX,web,Fashion,2,171.56,85.22,0
1128,2024-12-03,591,EU,ES,partner,Home,1,90.26,64.98,0
1129,2024-12-03,225,North America,CA,web,Toys,1,25.41,15.64,0
1130,2024-12-03,936,APAC,SG,web,Home,4,296.48,189.38,0
1131,2024-12-03,937,APAC,SG,app,Toys,1,28.39,15.82,0
1132,2024-12-03,233,North America,CA,app,Home,4,338.37,208.49,0
1133,2024-12-03,944,APAC,IN,retail,Electronics,5,917.67,711.36,0
1134,2024-12-03,886,EU,NL,web,Home,2,180.13,129.22,0
1135,2024-12-04,1345,APAC,IN,partner,Fashion,1,48.54,27.93,0
1136,2024-12-04,1049,EU,ES,app,Toys,1,38.03,24.88,0
1137,2024-12-04,140,APAC,IN,web,Books,1,14.95,9.98,0
1138,2024-12-04,135,EU,PL,retail,Fashion,1,56.93,32.73,1
1139,2024-12-04,131,APAC,AU,app,Home,4,309.52,227.94,0
1140,2024-12-04,175,EU,IT,app,Beauty,1,32.56,16.94,0
1141,2024-12-04,785,North America,MX,retail,Books,6,149.09,112.41,0
1142,2024-12-04,1442,LATAM,CO,app,Beauty,4,128.38,56.82,0
1143,2024-12-05,132,North America,US,web,Grocery,5,115.94,101.11,0
1144,2024-12-05,329,EU,GB,app,Sports,1,59.88,36.91,0
1145,2024-12-05,561,EU,PL,app,Fashion,1,56.6,30.25,0
1146,2024-12-05,178,EU,IT,web,Electronics,6,1392.24,1054.05,0
1147,2024-12-05,1277,APAC,AU,app,Beauty,2,69.13,33.47,0
1148,2024-12-05,104,North America,US,app,Grocery,1,24.26,19.44,0
1149,2024-12-05,282,North America,MX,app,Sports,2,149.19,88.52,0
1150,2024-12-06,473,North America,MX,web,Fashion,1,61.46,33.38,1
1151,2024-12-06,1392,North America,MX,web,Sports,4,246.7,170.72,0
1152,2024-12-06,1223,LATAM,BR,web,Grocery,4,94.98,86.42,0
1153,2024-12-06,245,North America,CA,app,Electronics,2,572.55,455.13,0
1154,2024-12-06,228,North America,US,partner,Toys,1,32.07,17.98,0
1155,2024-12-07,1155,APAC,IN,retail,Electronics,1,266.83,199.94,0
1156,2024-12-07,1175,North America,CA,web,Fashion,4,311.76,168.19,0
1157,2024-12-07,756,North America,US,app,Electronics,3,649.2,491.98,0
1158,2024-12-07,1384,EU,GB,web,Electronics,5,1369.38,1143.46,0
1159,2024-12-07,1385,North America,MX,app,Electronics,4,1030.39,921.31,0
1160,2024-12-07,1348,APAC,SG,web,Sports,1,77.28,52.59,0
1161,2024-12-07,367,APAC,JP,partner,Beauty,1,25.55,12.81,0
1162,2024-12-07,1500,APAC,IN,partner,Sports,5,335.28,217.09,0
1163,2024-12-07,1381,EU,GB,web,Sports,1,54.45,36.38,0
1164,2024-12-08,353,EU,DE,web,Beauty,1,38.28,18.92,0
1165,2024-12-08,839,EU,ES,web,Fashion,6,365.65,206.43,0
1166,2024-12-08,1150,APAC,SG,web,Home,1,95.26,63.61,0
1167,2024-12-08,903,APAC,SG,web,Beauty,2,55.77,29.14,0
1168,2024-12-08,1116,EU,GB,app,Beauty,4,155.82,77.48,0
1169,2024-12-08,426,EU,ES,app,Toys,2,48.3,31.0,0
1170,2024-12-08,265,EU,NL,web,Electronics,1,234.54,191.37,0
1171,2024-12-08,1096,APAC,AU,app,Toys,2,66.41,36.53,0
1172,2024-12-08,1017,EU,NL,web,Electronics,2,401.9,308.69,0
1173,2024-12-09,890,North America,US,app,Beauty,4,138.57,67.57,0
1174,2024-12-09,295,North America,US,retail,Fashion,1,52.21,26.28,1
1175,2024-12-09,273,North America,CA,app,Home,1,118.35,88.47,0
1176,2024-12-09,1040,EU,PL,web,Grocery,5,102.16,80.91,0
1177,2024-12-10,861,EU,ES,retail,Sports,1,90.75,64.76,0
1178,2024-12-10,652,EU,FR,web,Sports,1,51.81,34.55,0
1179,2024-12-10,26,North America,CA,retail,Toys,1,30.28,17.28,0
1180,2024-12-10,1362,North America,CA,web,Books,2,35.23,24.61,0
1181,2024-12-10,335,APAC,KR,retail,Sports,1,67.62,45.82,0
1182,2024-12-10,436,North America,US,retail,Books,3,62.97,45.18,0
1183,2024-12-10,1170,North America,US,web,Home,1,73.77,52.99,0
1184,2024-12-11,1198,EU,IT,app,Books,1,15.56,10.92,0
1185,2024-12-11,253,EU,GB,app,Sports,1,69.91,41.47,0
1186,2024-12-11,392,North America,US,app,Sports,3,264.03,181.58,0
1187,2024-12-11,785,North America,MX,app,Sports,5,389.2,251.78,0
1188,2024-12-11,532,North America,US,app,Grocery,1,23.17,21.57,0
1189,2024-12-11,1247,North America,MX,partner,Fashion,5,400.56,216.02,0
1190,2024-12-12,1381,EU,GB,web,Electronics,1,181.33,144.0,0
1191,2024-12-12,363,EU,ES,retail,Beauty,2,57.91,29.1,1
1192,2024-12-12,107,North America,CA,app,Toys,4,161.1,90.24,0
1193,2024-12-12,168,North America,MX,app,Sports,1,62.8,39.51,0
1194,2024-12-12,1323,EU,PL,app,Toys,1,38.38,24.58,0
1195,2024-12-12,707,North America,US,app,Sports,2,152.25,98.38,0
1196,2024-12-12,209,EU,DE,web,Grocery,1,21.14,17.4,0
1197,2024-12-13,1091,North America,MX,app,Electronics,4,992.93,793.42,0
1198,2024-12-13,359,North America,CA,web,Electronics,3,575.54,491.98,0
1199,2024-12-13,936,APAC,SG,web,Sports,4,289.25,180.3,0
1200,2024-12-13,165,APAC,KR,web,Fashion,1,71.61,36.39,0
1201,2024-12-13,464,North America,MX,app,Electronics,1,237.57,209.56,0
1202,2024-12-13,349,APAC,KR,web,Home,1,87.25,59.76,0
1203,2024-12-13,732,EU,PL,web,Books,1,22.69,16.22,0
1204,2024-12-14,280,EU,IT,web,Fashion,1,43.34,22.81,0
1205,2024-12-14,721,APAC,KR,web,Toys,1,27.26,16.63,0
1206,2024-12-14,1033,APAC,IN,web,Sports,3,199.3,136.55,0
1207,2024-12-14,652,EU,FR,web,Home,2,194.39,123.69,0
1208,2024-12-14,1434,North America,MX,retail,Home,1,97.28,69.35,0
1209,2024-12-14,957,EU,PL,retail,Home,1,106.7,71.18,0
1210,2024-12-14,8,EU,ES,web,Grocery,4,83.8,69.39,0
1211,2024-12-15,906,LATAM,AR,app,Electronics,2,349.79,271.58,0
1212,2024-12-15,104,North America,US,retail,Fashion,2,95.9,52.86,1
1213,2024-12-15,388,LATAM,CL,app,Beauty,4,133.2,66.28,0
1214,2024-12-15,931,EU,FR,app,Sports,1,50.91,34.49,0
1215,2024-12-15,1171,EU,FR,web,Home,2,206.44,140.1,0
1216,2024-12-15,504,North America,MX,retail,Sports,1,71.08,48.37,0
1217,2024-12-15,221,North America,US,app,Toys,1,30.6,18.02,0
1218,2024-12-15,239,EU,FR,web,Fashion,2,112.45,61.56,0
1219,2024-12-15,209,EU,DE,app,Toys,2,52.93,31.39,0
1220,2024-12-16,613,LATAM,CO,app,Home,1,66.08,43.93,1
1221,2024-12-16,1435,LATAM,BR,retail,Sports,1,75.13,46.47,0
1222,2024-12-16,835,North America,CA,partner,Sports,1,67.83,42.53,0
1223,2024-12-16,1500,APAC,IN,app,Beauty,4,105.45,52.52,0
1224,2024-12-17,569,EU,GB,partner,Toys,4,86.37,55.93,0
1225,2024-12-17,1390,North America,US,web,Sports,1,97.1,61.48,0
1226,2024-12-17,898,EU,DE,app,Toys,2,44.3,27.59,0
1227,2024-12-17,688,North America,US,app,Beauty,1,48.81,25.22,0
1228,2024-12-17,658,EU,ES,app,Sports,1,54.16,38.6,1
1229,2024-12-17,900,EU,FR,web,Home,2,188.83,138.16,0
1230,2024-12-17,1088,APAC,SG,web,Home,1,109.59,72.97,0
1231,2024-12-18,300,APAC,KR,web,Electronics,1,266.48,209.59,0
1232,2024-12-18,1167,North America,US,app,Beauty,1,28.22,14.56,0
1233,2024-12-18,944,APAC,IN,app,Sports,4,336.14,227.56,0
1234,2024-12-18,884,North America,MX,web,Books,1,19.41,12.77,0
1235,2024-12-18,251,APAC,SG,app,Toys,2,45.37,27.08,0
1236,2024-12-18,1409,North America,MX,app,Books,1,19.94,14.4,0
1237,2024-12-19,1012,North America,CA,web,Toys,1,39.88,24.75,1
1238,2024-12-19,1494,EU,IT,retail,Books,1,20.96,13.65,0
1239,2024-12-19,1396,EU,DE,retail,Home,2,132.24,83.33,0
1240,2024-12-19,1108,LATAM,AR,web,Fashion,1,54.88,28.14,0
1241,2024-12-19,620,North America,CA,retail,Sports,1,66.71,40.53,0
1242,2024-12-19,453,EU,GB,app,Toys,1,21.43,12.69,0
1243,2024-12-20,492,LATAM,AR,retail,Home,2,198.05,146.25,0
1244,2024-12-20,897,LATAM,BR,retail,Home,2,161.72,111.16,0
1245,2024-12-20,1043,North America,CA,web,Electronics,5,1419.35,1077.19,0
1246,2024-12-20,827,North America,CA,app,Toys,1,36.28,20.77,0
1247,2024-12-20,847,North America,CA,app,Electronics,1,234.45,196.07,0
1248,2024-12-20,341,North America,US,app,Electronics,5,1355.69,1194.13,0
1249,2024-12-20,623,LATAM,CO,retail,Grocery,1,20.9,16.74,0
1250,2024-12-20,787,APAC,SG,web,Fashion,1,46.97,25.45,0
1251,2024-12-20,1137,APAC,KR,web,Home,1,110.35,75.47,0
1252,2024-12-21,1098,North America,US,retail,Toys,5,148.88,83.72,0
1253,2024-12-21,1343,North America,US,retail,Electronics,1,343.03,276.71,0
1254,2024-12-21,426,EU,ES,partner,Beauty,1,29.81,15.7,0
1255,2024-12-21,1080,North America,US,partner,Electronics,1,198.86,154.94,0
1256,2024-12-22,219,North America,MX,retail,Toys,2,77.3,42.74,0
1257,2024-12-22,709,North America,US,web,Fashion,1,53.97,28.29,1
1258,2024-12-22,669,North America,CA,app,Electronics,2,665.98,557.65,0
1259,2024-12-22,672,North America,CA,app,Electronics,1,270.86,213.95,0
1260,2024-12-22,1482,LATAM,CO,app,Fashion,2,131.64,76.53,1
1261,2024-12-22,1023,EU,GB,app,Books,4,82.18,56.89,0
1262,2024-12-22,1161,North America,US,web,Fashion,2,93.74,47.55,0
1263,2024-12-22,977,APAC,JP,app,Grocery,1,25.96,20.34,0
1264,2024-12-23,799,APAC,IN,web,Electronics,1,227.7,192.22,0
1265,2024-12-23,1127,LATAM,CL,app,Fashion,4,308.65,166.96,0
1266,2024-12-23,908,EU,GB,web,Grocery,2,39.34,34.21,0
1267,2024-12-23,997,APAC,KR,web,Sports,2,105.32,64.37,0
1268,2024-12-24,1409,North America,MX,web,Books,1,22.28,17.6,0
1269,2024-12-24,1046,LATAM,CL,app,Grocery,1,22.06,19.7,0
1270,2024-12-24,957,EU,PL,web,Sports,1,49.97,29.73,0
1271,2024-12-24,67,LATAM,CL,web,Electronics,4,1128.15,919.16,0
1272,2024-12-24,726,EU,IT,web,Books,4,88.48,65.17,0
1273,2024-12-24,1303,APAC,JP,retail,Fashion,1,49.09,24.97,1
1274,2024-12-24,1099,North America,US,partner,Books,1,25.44,19.4,0
1275,2024-12-24,578,EU,IT,web,Sports,2,153.21,95.98,0
1276,2024-12-24,1484,LATAM,CO,partner,Toys,1,29.21,16.1,0
1277,2024-12-24,463,APAC,KR,web,Books,1,13.39,9.69,0
1278,2024-12-25,265,EU,NL,web,Sports,1,55.54,39.26,1
1279,2024-12-25,122,North America,US,web,Electronics,5,1239.25,1084.46,0
1280,2024-12-25,1028,North America,CA,app,Electronics,1,201.26,176.93,0
1281,2024-12-25,847,North America,CA,retail,Toys,1,24.44,15.93,0
1282,2024-12-25,525,North America,MX,retail,Sports,1,70.61,43.8,0
1283,2024-12-25,2,EU,FR,app,Sports,1,53.04,31.23,0
1284,2024-12-25,163,North America,US,retail,Toys,4,116.86,66.29,0
1285,2024-12-25,552,APAC,IN,web,Beauty,1,38.91,19.73,1
1286,2024-12-26,1398,APAC,JP,web,Sports,3,263.23,179.99,0
1287,2024-12-26,1034,North America,MX,partner,Toys,2,75.63,44.0,0
1288,2024-12-26,1164,North America,CA,app,Fashion,1,49.66,29.11,0
1289,2024-12-26,998,EU,GB,web,Beauty,5,139.65,68.17,0
1290,2024-12-26,786,North America,CA,web,Grocery,2,54.94,45.89,0
1291,2024-12-26,60,APAC,SG,web,Home,4,291.6,185.26,0
1292,2024-12-26,1228,North America,CA,web,Home,1,98.13,70.32,0
1293,2024-12-26,367,APAC,JP,app,Grocery,1,29.31,25.39,0
1294,2024-12-27,101,APAC,AU,app,Electronics,1,205.65,182.32,1
1295,2024-12-27,1095,EU,GB,web,Electronics,1,249.84,201.62,0
1296,2024-12-27,1492,North America,US,web,Home,4,481.45,331.37,0
1297,2024-12-27,1318,North America,US,web,Beauty,1,46.72,21.81,0
1298,2024-12-27,618,North America,CA,retail,Home,4,407.99,252.03,0
1299,2024-12-27,245,North America,CA,retail,Books,1,23.71,18.35,0
1300,2024-12-27,940,North America,CA,app,Home,1,77.09,52.29,0
1301,2024-12-27,211,North America,MX,web,Home,1,81.88,60.33,0
1302,2024-12-28,831,North America,US,web,Fashion,1,85.8,46.57,0
1303,2024-12-28,249,EU,NL,web,Toys,1,22.05,13.42,0
1304,2024-12-28,470,APAC,AU,web,Fashion,1,67.59,33.86,1
1305,2024-12-28,741,North America,MX,retail,Electronics,1,204.58,167.41,0
1306,2024-12-28,353,EU,DE,web,Beauty,1,35.14,17.87,0
1307,2024-12-28,942,EU,ES,app,Fashion,1,76.27,38.21,0
1308,2024-12-28,1001,North America,CA,web,Grocery,5,117.33,101.74,0
1309,2024-12-29,175,EU,IT,retail,Home,2,124.17,83.17,0
1310,2024-12-29,562,EU,GB,web,Grocery,1,18.04,16.44,0
1311,2024-12-29,1139,EU,GB,app,Fashion,4,311.15,170.72,1
1312,2024-12-29,931,EU,FR,web,Fashion,2,137.97,78.35,0
1313,2024-12-29,1260,North America,MX,web,Sports,1,58.45,34.83,0
1314,2024-12-29,968,EU,FR,app,Home,3,247.84,154.52,0
1315,2024-12-29,1182,North America,MX,app,Books,6,89.91,58.4,0
1316,2024-12-30,1384,EU,GB,web,Sports,5,355.18,226.06,0
1317,2024-12-30,1104,APAC,SG,app,Sports,2,164.9,101.87,0
1318,2024-12-30,273,North America,CA,web,Electronics,2,478.07,367.63,0
1319,2024-12-30,155,North America,MX,web,Books,1,14.67,10.06,0
1320,2024-12-30,358,North America,US,retail,Home,1,67.04,47.54,0
1321,2024-12-30,1317,LATAM,BR,web,Books,3,50.67,37.38,0
1322,2024-12-30,1424,North America,US,app,Electronics,1,240.23,182.83,0
1323,2024-12-30,1049,EU,ES,retail,Home,2,195.11,127.35,0
1324,2024-12-30,153,APAC,AU,web,Books,1,20.43,13.5,0
1325,2024-12-30,670,North America,CA,app,Toys,1,38.78,22.21,0
1326,2024-12-30,1328,North America,US,web,Grocery,1,32.46,28.14,0
1327,2024-12-30,1278,EU,NL,app,Grocery,1,30.96,27.13,0
1328,2024-12-31,1091,North America,MX,web,Sports,4,361.76,235.59,0
1329,2024-12-31,936,APAC,SG,web,Fashion,4,178.25,89.88,0
1330,2024-12-31,246,North America,US,web,Books,1,23.88,18.61,0
1331,2024-12-31,737,North America,MX,web,Beauty,2,69.07,33.53,0
1332,2024-12-31,45,EU,ES,retail,Sports,1,49.52,30.99,0
1333,2024-12-31,1230,North America,MX,web,Grocery,2,69.89,61.62,0
1334,2024-12-31,675,EU,DE,web,Toys,4,146.8,93.29,0
1335,2024-12-31,121,APAC,IN,web,Grocery,4,99.02,80.63,0
1336,2025-01-01,835,North America,CA,web,Toys,1,35.94,21.15,0
1337,2025-01-01,307,North America,MX,web,Books,3,75.19,57.64,0
1338,2025-01-01,1086,APAC,IN,web,Books,1,21.93,16.58,0
1339,2025-01-01,1374,North America,US,partner,Books,1,21.47,14.36,0
1340,2025-01-01,1438,EU,FR,retail,Sports,4,204.21,130.4,0
1341,2025-01-01,259,EU,PL,web,Grocery,1,24.68,20.0,0
1342,2025-01-01,411,APAC,JP,web,Books,1,12.86,9.35,0
1343,2025-01-01,469,North America,US,web,Electronics,4,1133.64,1019.85,0
1344,2025-01-02,36,North America,US,web,Books,1,21.12,14.99,0
1345,2025-01-02,122,North America,US,retail,Beauty,4,117.4,61.16,0
1346,2025-01-02,1390,North America,US,app,Fashion,1,60.09,29.82,0
1347,2025-01-03,121,APAC,IN,web,Fashion,6,276.17,162.8,1
1348,2025-01-03,1190,North America,CA,app,Fashion,4,242.77,123.29,0
1349,2025-01-03,952,EU,GB,web,Fashion,1,67.53,36.7,0
1350,2025-01-03,839,EU,ES,partner,Grocery,4,96.45,86.57,0
1351,2025-01-03,38,EU,DE,app,Books,1,16.92,12.49,0
1352,2025-01-03,196,LATAM,CL,web,Grocery,1,30.35,23.42,0
1353,2025-01-03,1482,LATAM,CO,partner,Fashion,1,51.1,28.07,0
1354,2025-01-03,915,EU,IT,partner,Beauty,3,84.19,43.71,0
1355,2025-01-03,1154,APAC,AU,app,Books,4,80.29,56.51,1
1356,2025-01-03,1175,North America,CA,retail,Electronics,1,203.06,169.31,0
1357,2025-01-04,155,North America,MX,web,Books,2,32.71,23.85,0
1358,2025-01-04,1399,LATAM,BR,app,Home,4,330.54,246.61,0
1359,2025-01-04,1413,EU,DE,web,Books,3,68.7,47.51,0
1360,2025-01-04,191,LATAM,BR,partner,Grocery,2,43.17,35.9,0
1361,2025-01-04,854,APAC,AU,web,Sports,5,320.97,201.33,0
1362,2025-01-04,495,APAC,JP,web,Home,2,128.38,88.52,0
1363,2025-01-04,966,EU,ES,app,Grocery,1,29.14,24.58,0
1364,2025-01-05,494,EU,IT,app,Books,2,35.66,26.4,0
1365,2025-01-05,1434,North America,MX,web,Sports,1,70.73,43.29,0
1366,2025-01-05,1398,APAC,JP,web,Sports,1,81.46,56.39,0
1367,2025-01-05,1386,EU,IT,web,Sports,4,204.82,135.8,0
1368,2025-01-05,697,EU,ES,retail,Books,1,15.42,10.36,0
1369,2025-01-05,915,EU,IT,web,Fashion,1,67.79,40.77,0
1370,2025-01-06,785,North America,MX,web,Toys,4,107.11,66.81,0
1371,2025-01-06,138,North America,CA,web,Fashion,2,95.83,48.1,1
1372,2025-01-06,503,LATAM,CL,app,Toys,4,99.19,53.99,0
1373,2025-01-06,954,North America,US,retail,Books,4,86.09,56.3,0
1374,2025-01-06,1021,EU,DE,app,Fashion,5,310.98,185.88,0
1375,2025-01-07,954,North America,US,web,Grocery,6,121.85,96.38,0
1376,2025-01-07,233,North America,CA,web,Grocery,5,147.39,126.06,0
1377,2025-01-07,581,EU,ES,retail,Grocery,4,123.02,107.69,0
1378,2025-01-07,621,North America,CA,retail,Electronics,2,620.28,533.91,0
1379,2025-01-07,921,EU,NL,retail,Fashion,1,77.11,40.31,0
1380,2025-01-07,757,APAC,KR,retail,Grocery,2,52.06,43.87,0
1381,2025-01-07,1419,APAC,IN,web,Beauty,4,133.45,60.91,0
1382,2025-01-07,1128,EU,IT,retail,Home,2,196.58,131.36,0
1383,2025-01-08,1372,EU,FR,app,Toys,1,24.92,16.28,0
1384,2025-01-08,1330,North America,US,web,Grocery,4,96.08,86.66,0
1385,2025-01-08,1357,APAC,SG,partner,Grocery,3,96.34,74.61,0
1386,2025-01-08,1263,North America,US,retail,Home,1,76.68,52.94,0
1387,2025-01-08,305,EU,ES,web,Home,1,62.16,43.63,0
1388,2025-01-09,1136,EU,FR,retail,Home,1,95.13,63.26,0
1389,2025-01-09,1348,APAC,SG,app,Home,1,68.78,48.75,0
1390,2025-01-09,548,APAC,SG,web,Books,1,16.96,11.77,0
1391,2025-01-09,1228,North America,CA,partner,Sports,3,252.5,162.76,0
1392,2025-01-09,7,LATAM,CO,app,Electronics,1,211.87,185.99,0
1393,2025-01-10,941,North America,MX,web,Home,2,147.9,99.7,0
1394,2025-01-10,585,EU,PL,web,Toys,1,21.06,13.53,0
1395,2025-01-10,1318,North America,US,retail,Beauty,1,42.89,20.74,0
1396,2025-01-10,387,North America,MX,web,Electronics,1,327.23,255.94,0
1397,2025-01-10,899,APAC,IN,retail,Electronics,2,607.2,457.53,1
1398,2025-01-10,917,North America,CA,retail,Toys,1,42.25,23.65,0
1399,2025-01-10,1243,APAC,SG,app,Electronics,1,308.71,252.69,0
1400,2025-01-11,37,EU,IT,app,Toys,1,24.61,15.3,0
1401,2025-01-11,936,APAC,SG,app,Electronics,5,866.91,691.08,0
1402,2025-01-11,1423,EU,GB,retail,Beauty,1,26.65,13.72,0
1403,2025-01-11,84,North America,CA,web,Grocery,2,52.19,41.66,0
1404,2025-01-11,1407,APAC,KR,retail,Beauty,1,38.84,20.38,0
1405,2025-01-11,82,EU,GB,retail,Fashion,1,73.26,38.81,1
1406,2025-01-12,994,North America,CA,partner,Books,3,61.96,45.96,0
1407,2025-01-12,837,LATAM,CO,app,Grocery,1,23.58,21.96,0
1408,2025-01-12,440,North America,CA,retail,Fashion,2,116.3,67.15,0
1409,2025-01-12,1025,APAC,IN,web,Books,1,17.83,13.49,0
1410,2025-01-13,1360,EU,FR,app,Sports,1,80.97,50.87,0
1411,2025-01-13,359,North America,CA,app,Electronics,1,308.53,266.99,0
1412,2025-01-14,332,North America,CA,web,Beauty,2,85.71,38.03,0
1413,2025-01-14,336,APAC,IN,web,Beauty,3,102.46,47.74,0
1414,2025-01-14,942,EU,ES,web,Fashion,1,43.27,26.0,0
1415,2025-01-14,249,EU,NL,app,Electronics,1,200.23,155.09,0
1416,2025-01-14,1213,North America,MX,web,Beauty,3,112.19,58.99,0
1417,2025-01-14,880,EU,DE,web,Fashion,1,67.31,39.47,1
1418,2025-01-14,1213,North America,MX,retail,Electronics,1,261.38,211.72,0
1419,2025-01-14,53,North America,MX,app,Fashion,2,162.16,92.92,0
1420,2025-01-15,577,LATAM,CL,retail,Grocery,1,20.95,17.26,0
1421,2025-01-15,1009,EU,NL,retail,Home,1,77.36,56.05,0
1422,2025-01-15,1206,EU,DE,app,Home,1,82.78,50.75,0
1423,2025-01-15,674,EU,GB,web,Beauty,1,43.85,22.56,0
1424,2025-01-15,793,EU,FR,app,Toys,6,204.44,113.65,0
1425,2025-01-16,1322,North America,US,retail,Sports,2,113.29,68.41,0
1426,2025-01-16,369,EU,GB,app,Electronics,4,738.33,597.05,0
1427,2025-01-16,1208,APAC,KR,app,Home,5,418.4,307.29,0
1428,2025-01-16,309,APAC,JP,retail,Beauty,4,174.75,86.85,0
1429,2025-01-16,7,LATAM,CO,retail,Fashion,1,69.71,41.27,1
1430,2025-01-16,343,APAC,SG,app,Books,5,115.56,86.43,0
1431,2025-01-16,1145,North America,US,web,Toys,2,48.15,29.21,0
1432,2025-01-16,1405,EU,FR,app,Sports,1,78.87,52.52,0
1433,2025-01-16,265,EU,NL,web,Electronics,3,522.27,414.91,0
1434,2025-01-17,1205,APAC,AU,retail,Electronics,3,642.52,531.9,0
1435,2025-01-17,644,North America,MX,app,Grocery,4,96.82,89.05,0
1436,2025-01-17,320,APAC,IN,web,Sports,3,231.83,151.26,0
1437,2025-01-17,1153,North America,MX,app,Home,1,77.56,48.17,0
1438,2025-01-17,975,EU,IT,web,Home,1,84.78,57.26,0
1439,2025-01-17,1213,North America,MX,web,Beauty,3,124.66,60.58,0
1440,2025-01-18,1135,EU,ES,retail,Books,1,23.2,18.1,0
1441,2025-01-18,1416,North America,US,web,Books,1,25.43,17.57,0
1442,2025-01-18,169,EU,ES,web,Sports,2,166.53,112.07,0
1443,2025-01-18,1302,North America,CA,partner,Sports,4,233.42,155.68,0
1444,2025-01-19,1068,LATAM,CL,partner,Grocery,2,60.6,54.45,0
1445,2025-01-19,686,North America,CA,app,Home,2,146.35,95.84,0
1446,2025-01-19,568,North America,US,web,Sports,1,99.79,62.83,0
1447,2025-01-19,954,North America,US,retail,Toys,5,210.66,129.04,0
1448,2025-01-20,561,EU,PL,web,Grocery,2,38.82,30.01,0
1449,2025-01-20,1103,EU,GB,web,Home,2,175.96,122.34,0
1450,2025-01-20,1422,APAC,JP,web,Home,2,151.05,101.42,1
1451,2025-01-20,1281,EU,GB,web,Books,1,18.88,12.86,0
1452,2025-01-21,400,LATAM,AR,web,Grocery,1,30.1,27.54,0
1453,2025-01-21,453,EU,GB,app,Grocery,1,23.64,19.25,0
1454,2025-01-21,297,North America,CA,partner,Grocery,1,26.33,23.49,0
1455,2025-01-21,1168,LATAM,CL,web,Books,4,70.54,46.89,0
1456,2025-01-21,698,EU,ES,web,Electronics,4,1096.84,860.23,0
1457,2025-01-22,966,EU,ES,web,Sports,1,66.21,40.1,0
1458,2025-01-22,709,North America,US,web,Grocery,1,20.53,17.3,0
1459,2025-01-22,505,APAC,AU,web,Home,4,420.54,301.28,0
1460,2025-01-22,741,North America,MX,web,Grocery,1,20.37,18.93,0
1461,2025-01-22,65,APAC,SG,web,Electronics,2,447.98,362.42,0
1462,2025-01-23,1470,APAC,JP,app,Books,1,23.39,15.28,0
1463,2025-01-23,296,LATAM,CL,app,Grocery,1,22.85,20.06,0
1464,2025-01-23,845,North America,MX,web,Fashion,1,51.37,26.93,0
1465,2025-01-23,1290,EU,DE,retail,Sports,3,184.51,130.89,1
1466,2025-01-23,584,North America,CA,web,Fashion,1,73.43,39.01,0
1467,2025-01-23,364,EU,PL,partner,Books,4,62.59,43.34,0
1468,2025-01-24,1173,EU,ES,app,Toys,1,21.74,12.52,0
1469,2025-01-24,391,EU,FR,app,Sports,1,63.11,44.86,0
1470,2025-01-24,1474,North America,MX,retail,Books,1,13.91,9.33,0
1471,2025-01-24,937,APAC,SG,web,Books,2,27.7,19.35,0
1472,2025-01-24,367,APAC,JP,retail,Toys,1,28.52,15.46,0
1473,2025-01-25,1128,EU,IT,retail,Sports,2,109.82,64.78,0
1474,2025-01-25,1396,EU,DE,retail,Sports,1,75.17,51.59,0
1475,2025-01-25,261,APAC,SG,app,Fashion,1,57.65,32.39,1
1476,2025-01-25,1096,APAC,AU,app,Fashion,1,58.86,32.9,1
1477,2025-01-25,713,EU,IT,web,Electronics,1,232.6,186.68,0
1478,2025-01-25,763,North America,US,app,Grocery,1,20.71,17.75,0
1479,2025-01-25,971,North America,US,web,Home,1,111.67,69.71,0
1480,2025-01-25,437,EU,FR,web,Electronics,1,290.22,214.53,0
1481,2025-01-26,630,EU,DE,app,Electronics,1,241.49,178.48,0
1482,2025-01-26,425,North America,MX,partner,Books,1,19.01,13.36,0
1483,2025-01-26,1152,EU,DE,app,Beauty,2,65.17,33.93,1
1484,2025-01-26,425,North America,MX,web,Grocery,2,67.78,57.5,0
1485,2025-01-26,664,North America,MX,retail,Beauty,1,36.76,17.31,0
1486,2025-01-26,1461,LATAM,CO,partner,Home,4,380.91,250.31,0
1487,2025-01-27,360,North America,MX,web,Sports,1,76.72,51.58,0
1488,2025-01-27,914,APAC,KR,app,Grocery,1,19.25,15.78,0
1489,2025-01-27,153,APAC,AU,web,Toys,1,21.99,14.4,0
1490,2025-01-27,578,EU,IT,app,Beauty,2,62.52,32.67,0
1491,2025-01-27,984,North America,CA,web,Toys,3,116.27,64.54,0
1492,2025-01-27,637,EU,ES,app,Toys,1,31.28,20.36,0
1493,2025-01-27,922,EU,ES,web,Sports,2,117.36,82.33,0
1494,2025-01-28,478,EU,GB,web,Fashion,2,142.56,81.46,0
1495,2025-01-28,1284,North America,US,app,Toys,4,99.09,55.77,0
1496,2025-01-28,741,North America,MX,web,Electronics,1,213.82,178.42,0
1497,2025-01-28,1273,LATAM,CL,web,Toys,4,121.62,79.3,0
1498,2025-01-28,1167,North America,US,partner,Electronics,1,254.69,202.81,0
1499,2025-01-28,889,North America,US,web,Grocery,1,33.47,25.76,0
1500,2025-01-28,1254,EU,DE,app,Beauty,1,37.69,17.49,0
1501,2025-01-28,835,North America,CA,retail,Sports,2,175.51,124.53,0
1502,2025-01-28,1222,EU,PL,web,Books,4,62.15,41.91,0
1503,2025-01-29,851,EU,ES,web,Fashion,1,55.88,27.85,0
1504,2025-01-29,211,North America,MX,app,Beauty,1,40.32,20.67,0
1505,2025-01-29,1303,APAC,JP,web,Electronics,3,677.72,595.24,0
1506,2025-01-29,1157,LATAM,CO,app,Grocery,3,76.27,59.55,0
1507,2025-01-29,967,EU,PL,retail,Books,2,26.87,21.12,0
1508,2025-01-29,965,APAC,IN,retail,Sports,1,84.24,49.84,0
1509,2025-01-29,1153,North America,MX,web,Electronics,2,449.19,339.9,0
1510,2025-01-30,551,APAC,IN,retail,Toys,2,43.52,26.24,0
1511,2025-01-30,868,EU,ES,web,Fashion,1,70.87,35.69,0
1512,2025-01-30,989,EU,NL,web,Toys,1,36.76,19.95,0
1513,2025-01-31,1462,APAC,IN,web,Books,1,22.51,15.41,0
1514,2025-01-31,243,APAC,SG,web,Sports,1,69.3,43.14,0
1515,2025-01-31,86,EU,DE,partner,Toys,4,149.92,86.97,0
1516,2025-01-31,834,North America,CA,retail,Books,2,38.21,25.67,0
1517,2025-02-01,968,EU,FR,app,Books,1,12.69,8.52,0
1518,2025-02-01,86,EU,DE,app,Sports,4,204.86,140.58,0
1519,2025-02-01,963,APAC,JP,web,Toys,2,49.5,27.18,0
1520,2025-02-01,1041,EU,IT,partner,Beauty,1,41.5,20.47,0
1521,2025-02-01,567,EU,NL,app,Beauty,1,34.67,15.17,0
1522,2025-02-01,146,North America,US,retail,Toys,1,30.75,17.36,0
1523,2025-02-01,1306,LATAM,CL,web,Grocery,1,20.04,15.42,0
1524,2025-02-02,1008,APAC,JP,web,Books,5,82.58,57.39,0
1525,2025-02-02,719,EU,NL,app,Toys,1,21.25,12.64,0
1526,2025-02-02,379,North America,CA,web,Books,9,211.35,148.37,0
1527,2025-02-02,614,North America,US,web,Sports,1,60.31,41.15,0
1528,2025-02-03,607,North America,US,app,Sports,2,118.1,71.35,0
1529,2025-02-03,839,EU,ES,web,Fashion,4,237.83,135.35,0
1530,2025-02-03,659,EU,NL,partner,Books,4,83.41,59.06,0
1531,2025-02-03,276,EU,FR,retail,Fashion,1,75.66,44.62,0
1532,2025-02-04,400,LATAM,AR,retail,Grocery,1,21.37,17.74,0
1533,2025-02-04,1345,APAC,IN,retail,Electronics,1,310.97,274.86,0
1534,2025-02-04,602,APAC,SG,retail,Toys,1,34.6,19.37,0
1535,2025-02-04,37,EU,IT,retail,Fashion,1,70.99,41.21,0
1536,2025-02-04,277,North America,CA,web,Sports,3,230.93,162.18,0
1537,2025-02-04,322,North America,US,web,Electronics,4,1010.21,875.37,0
1538,2025-02-04,975,EU,IT,app,Toys,1,38.81,22.2,0
1539,2025-02-04,112,North America,MX,web,Sports,1,97.9,63.89,0
1540,2025-02-04,1384,EU,GB,app,Home,4,350.07,241.46,0
1541,2025-02-04,76,LATAM,CO,web,Sports,1,65.05,41.51,0
1542,2025-02-04,798,North America,US,app,Fashion,1,78.01,40.34,0
1543,2025-02-05,267,North America,US,web,Toys,4,122.58,78.98,0
1544,2025-02-05,1208,APAC,KR,app,Books,1,20.62,15.0,0
1545,2025-02-05,373,EU,ES,retail,Sports,1,88.45,62.33,0
1546,2025-02-05,53,North America,MX,web,Electronics,2,498.7,438.98,0
1547,2025-02-05,418,APAC,JP,app,Fashion,1,60.5,31.38,0
1548,2025-02-05,645,APAC,JP,retail,Toys,1,33.51,20.4,0
1549,2025-02-06,236,LATAM,AR,web,Toys,5,126.25,69.7,0
1550,2025-02-06,1437,EU,GB,partner,Home,1,95.4,67.24,0
1551,2025-02-06,127,North America,US,web,Sports,1,82.45,49.96,0
1552,2025-02-06,841,EU,NL,retail,Electronics,4,915.1,744.6,0
1553,2025-02-06,896,North America,MX,partner,Books,1,15.42,11.89,0
1554,2025-02-06,1492,North America,US,web,Electronics,6,2029.87,1828.73,1
1555,2025-02-06,420,North America,US,web,Grocery,2,56.38,45.97,0
1556,2025-02-07,901,APAC,KR,web,Grocery,2,50.02,46.48,0
1557,2025-02-07,1422,APAC,JP,partner,Electronics,1,286.65,229.1,0
1558,2025-02-07,1057,North America,CA,app,Home,4,270.28,193.3,0
1559,2025-02-07,623,LATAM,CO,retail,Sports,1,64.88,44.89,0
1560,2025-02-07,1462,APAC,IN,web,Beauty,1,26.28,12.78,0
1561,2025-02-07,84,North America,CA,app,Home,3,249.49,168.14,0
1562,2025-02-07,613,LATAM,CO,app,Home,1,69.17,50.72,0
1563,2025-02-07,1008,APAC,JP,web,Books,4,64.79,48.32,0
1564,2025-02-08,154,EU,FR,app,Sports,1,52.4,36.66,0
1565,2025-02-08,127,North America,US,web,Beauty,2,95.54,42.09,0
1566,2025-02-08,840,LATAM,BR,app,Fashion,2,120.77,69.11,1
1567,2025-02-08,436,North America,US,app,Fashion,1,67.35,34.75,0
1568,2025-02-09,798,North America,US,app,Beauty,1,32.11,15.33,0
1569,2025-02-09,1284,North America,US,app,Sports,1,95.26,57.86,0
1570,2025-02-09,1436,North America,US,app,Electronics,1,305.87,271.56,0
1571,2025-02-09,700,EU,IT,app,Home,2,189.74,137.42,0
1572,2025-02-09,420,North America,US,app,Home,2,212.12,158.32,0
1573,2025-02-09,822,EU,FR,partner,Toys,2,43.1,23.84,0
1574,2025-02-09,1141,APAC,IN,app,Toys,2,51.95,33.59,0
1575,2025-02-09,1155,APAC,IN,web,Grocery,1,27.42,21.66,0
1576,2025-02-10,681,EU,IT,app,Fashion,1,54.87,29.59,0
1577,2025-02-10,903,APAC,SG,web,Electronics,3,813.32,688.32,1
1578,2025-02-10,672,North America,CA,app,Grocery,1,35.3,31.63,0
1579,2025-02-10,129,EU,DE,web,Toys,1,22.12,13.82,0
1580,2025-02-10,890,North America,US,app,Fashion,5,290.36,173.69,0
1581,2025-02-11,983,North America,MX,app,Books,1,17.46,12.4,0
1582,2025-02-11,191,LATAM,BR,web,Sports,1,66.34,42.12,0
1583,2025-02-11,453,EU,GB,partner,Fashion,1,70.75,41.05,0
1584,2025-02-11,991,EU,IT,app,Fashion,1,66.56,38.77,0
1585,2025-02-11,22,North America,CA,web,Toys,3,69.69,40.29,0
1586,2025-02-11,1323,EU,PL,web,Beauty,2,86.41,42.84,0
1587,2025-02-11,1498,LATAM,CL,web,Home,1,95.49,64.06,0
1588,2025-02-12,307,North America,MX,web,Beauty,1,43.29,19.6,0
1589,2025-02-12,1477,North America,CA,web,Electronics,7,1596.56,1360.44,0
1590,2025-02-12,18,EU,NL,app,Grocery,4,76.51,67.75,0
1591,2025-02-12,157,North America,MX,app,Home,1,114.58,84.56,0
1592,2025-02-13,946,EU,ES,web,Toys,3,97.25,61.06,0
1593,2025-02-13,1401,North America,MX,web,Toys,1,31.86,20.18,0
1594,2025-02-13,1488,North America,CA,app,Beauty,1,40.6,20.71,0
1595,2025-02-13,385,APAC,AU,app,Grocery,1,25.56,19.99,0
1596,2025-02-13,1281,EU,GB,app,Books,1,22.65,15.03,0
1597,2025-02-13,1233,EU,PL,web,Grocery,1,31.09,26.81,0
1598,2025-02-13,230,EU,DE,retail,Electronics,5,1287.68,962.45,0
1599,2025-02-13,160,EU,FR,app,Books,1,13.06,10.11,0
1600,2025-02-14,466,LATAM,CO,web,Sports,7,620.21,438.24,0
1601,2025-02-14,124,LATAM,CL,retail,Books,2,37.17,28.47,0
1602,2025-02-14,450,EU,NL,app,Grocery,1,22.23,20.52,0
1603,2025-02-14,1302,North America,CA,partner,Books,4,60.75,47.39,0
1604,2025-02-14,1290,EU,DE,web,Sports,2,121.37,79.53,0
1605,2025-02-14,1443,EU,DE,retail,Toys,2,70.7,38.48,0
1606,2025-02-14,1108,LATAM,AR,web,Toys,1,22.92,13.82,0
1607,2025-02-14,1110,North America,CA,partner,Grocery,1,22.1,17.53,0
1608,2025-02-14,39,North America,CA,web,Beauty,6,276.44,133.14,0
1609,2025-02-15,935,North America,US,web,Beauty,1,27.47,14.04,0
1610,2025-02-15,1193,LATAM,CO,app,Grocery,2,39.18,32.73,0
1611,2025-02-15,1319,EU,ES,web,Sports,1,73.75,48.75,0
1612,2025-02-15,1136,EU,FR,app,Toys,2,75.82,47.85,0
1613,2025-02-15,1447,North America,CA,web,Fashion,1,62.8,31.12,0
1614,2025-02-15,276,EU,FR,app,Home,1,89.41,62.46,0
1615,2025-02-15,235,North America,US,web,Electronics,4,1178.32,885.4,0
1616,2025-02-15,1124,APAC,SG,web,Books,1,14.98,10.72,0
1617,2025-02-16,1350,North America,CA,app,Fashion,1,79.96,45.51,1
1618,2025-02-16,818,North America,MX,retail,Books,1,14.75,9.73,0
1619,2025-02-16,1130,North America,MX,web,Grocery,2,42.8,38.37,0
1620,2025-02-16,891,North America,MX,retail,Toys,4,118.19,71.83,0
1621,2025-02-16,553,LATAM,CL,app,Sports,1,64.54,41.8,0
1622,2025-02-16,662,North America,US,retail,Grocery,1,23.37,21.66,0
1623,2025-02-16,1398,APAC,JP,app,Grocery,1,32.0,27.65,0
1624,2025-02-16,1061,EU,FR,partner,Sports,1,71.74,49.47,0
1625,2025-02-17,53,North America,MX,app,Sports,3,259.91,154.01,0
1626,2025-02-17,1122,APAC,SG,web,Books,1,18.24,11.86,0
1627,2025-02-17,897,LATAM,BR,app,Fashion,2,105.17,63.59,0
1628,2025-02-17,1279,EU,GB,web,Fashion,5,256.75,129.68,0
1629,2025-02-17,1161,North America,US,app,Sports,2,112.01,79.99,0
1630,2025-02-18,890,North America,US,web,Home,4,398.66,273.7,0
1631,2025-02-18,633,LATAM,CO,app,Fashion,2,131.32,78.89,0
1632,2025-02-18,531,EU,FR,app,Fashion,1,62.46,32.01,0
1633,2025-02-18,872,EU,DE,web,Sports,1,80.27,49.51,0
1634,2025-02-18,874,North America,CA,partner,Home,4,287.55,214.17,0
1635,2025-02-18,1116,EU,GB,partner,Home,4,255.05,157.13,0
1636,2025-02-18,1148,APAC,KR,retail,Electronics,2,480.11,412.93,0
1637,2025-02-19,471,EU,ES,app,Books,1,17.85,13.96,0
1638,2025-02-19,1459,EU,IT,partner,Grocery,4,87.75,71.79,0
1639,2025-02-19,1041,EU,IT,app,Beauty,1,30.47,15.66,0
1640,2025-02-19,300,APAC,KR,web,Sports,1,68.15,40.19,0
1641,2025-02-19,1420,North America,CA,retail,Grocery,1,30.27,26.05,0
1642,2025-02-19,302,LATAM,CL,partner,Sports,1,68.44,41.76,0
1643,2025-02-19,1068,LATAM,CL,app,Toys,1,33.87,19.17,0
1644,2025-02-20,1194,North America,US,web,Electronics,1,223.43,186.98,0
1645,2025-02-20,1334,APAC,KR,web,Fashion,1,58.47,32.0,1
1646,2025-02-20,1183,North America,US,web,Fashion,5,404.28,209.33,1
1647,2025-02-20,809,LATAM,CO,web,Books,4,55.09,43.54,0
1648,2025-02-20,1096,APAC,AU,app,Home,2,134.07,88.27,1
1649,2025-02-20,1118,North America,CA,retail,Home,2,182.36,131.69,0
1650,2025-02-21,484,EU,DE,app,Beauty,2,69.55,32.81,0
1651,2025-02-21,801,EU,NL,partner,Books,1,18.42,12.33,0
1652,2025-02-21,986,APAC,AU,web,Home,1,77.62,51.07,1
1653,2025-02-21,1039,North America,US,web,Beauty,2,57.13,25.02,0
1654,2025-02-21,1351,North America,US,app,Grocery,1,28.63,24.62,0
1655,2025-02-22,820,North America,CA,web,Home,1,72.13,45.52,0
1656,2025-02-22,406,APAC,JP,web,Home,4,281.93,186.35,0
1657,2025-02-22,1242,APAC,IN,web,Books,5,91.97,62.39,0
1658,2025-02-22,1428,North America,US,app,Home,1,120.85,74.91,0
1659,2025-02-22,464,North America,MX,partner,Sports,1,82.51,55.99,0
1660,2025-02-23,332,North America,CA,web,Grocery,1,35.53,30.52,0
1661,2025-02-23,1290,EU,DE,app,Electronics,2,531.09,424.94,1
1662,2025-02-23,1125,EU,DE,partner,Toys,1,31.09,19.87,0
1663,2025-02-23,1097,EU,NL,app,Grocery,1,31.81,27.48,0
1664,2025-02-23,697,EU,ES,partner,Home,1,98.4,63.88,0
1665,2025-02-23,1423,EU,GB,retail,Fashion,1,46.73,24.15,0
1666,2025-02-23,1398,APAC,JP,retail,Books,1,16.19,11.52,0
1667,2025-02-23,603,North America,US,retail,Toys,2,84.64,49.15,0
1668,2025-02-23,844,APAC,JP,app,Fashion,1,45.33,23.95,0
1669,2025-02-24,1408,North America,MX,partner,Sports,4,378.4,228.83,0
1670,2025-02-24,1485,LATAM,CO,app,Sports,1,51.77,33.87,0
1671,2025-02-24,1021,EU,DE,web,Sports,4,354.43,251.32,0
1672,2025-02-24,895,EU,GB,retail,Beauty,4,109.73,50.57,0
1673,2025-02-24,1318,North America,US,app,Toys,2,54.2,34.24,0
1674,2025-02-24,506,North America,CA,web,Grocery,4,88.2,70.36,0
1675,2025-02-24,653,North America,MX,web,Books,1,23.22,16.19,0
1676,2025-02-25,1186,North America,MX,retail,Grocery,1,24.44,20.46,0
1677,2025-02-25,696,North America,CA,web,Grocery,2,45.3,40.49,0
1678,2025-02-25,575,North America,US,app,Grocery,4,117.02,96.83,0
1679,2025-02-25,685,EU,GB,web,Fashion,1,71.64,38.4,0
1680,2025-02-25,728,EU,NL,retail,Home,1,78.28,48.88,0
1681,2025-02-25,228,North America,US,web,Electronics,3,659.45,528.11,0
1682,2025-02-25,470,APAC,AU,web,Grocery,3,66.1,52.39,0
1683,2025-02-25,731,North America,US,app,Electronics,1,337.36,279.77,0
1684,2025-02-26,896,North America,MX,web,Books,1,18.04,12.83,0
1685,2025-02-26,265,EU,NL,web,Fashion,1,67.33,38.95,0
1686,2025-02-26,551,APAC,IN,web,Beauty,1,33.08,14.53,0
1687,2025-02-26,691,EU,FR,app,Grocery,5,149.21,120.35,0
1688,2025-02-26,1014,EU,DE,app,Grocery,5,114.02,92.84,0
1689,2025-02-26,22,North America,CA,web,Grocery,1,21.34,18.2,0
1690,2025-02-26,1263,North America,US,web,Fashion,1,79.05,44.68,1
1691,2025-02-26,838,North America,MX,web,Beauty,2,65.24,30.69,0
1692,2025-02-26,734,LATAM,CL,web,Home,1,106.24,65.46,0
1693,2025-02-26,1264,North America,US,web,Electronics,1,312.12,233.63,0
1694,2025-02-27,846,North America,US,app,Beauty,5,151.68,74.67,0
1695,2025-02-27,240,EU,GB,app,Electronics,1,303.42,237.73,1
1696,2025-02-27,1337,EU,ES,web,Electronics,4,1093.17,958.15,0
1697,2025-02-27,826,North America,US,app,Beauty,1,47.83,21.68,0
1698,2025-02-27,232,EU,FR,app,Beauty,3,101.42,47.53,0
1699,2025-02-28,965,APAC,IN,retail,Home,1,64.75,44.97,0
1700,2025-02-28,579,APAC,KR,app,Books,3,51.01,38.74,0
1701,2025-02-28,434,EU,PL,app,Fashion,1,76.65,42.88,0
1702,2025-02-28,1327,APAC,IN,web,Fashion,2,109.78,62.89,0
1703,2025-02-28,663,EU,FR,retail,Sports,1,69.59,41.42,0
1704,2025-02-28,1061,EU,FR,web,Electronics,1,304.44,235.28,0
1705,2025-03-01,1488,North America,CA,web,Books,2,37.08,27.05,0
1706,2025-03-01,300,APAC,KR,web,Electronics,2,558.57,502.33,0
1707,2025-03-01,602,APAC,SG,web,Beauty,1,28.32,14.57,0
1708,2025-03-01,420,North America,US,partner,Sports,1,60.76,39.86,0
1709,2025-03-01,1171,EU,FR,web,Books,1,14.11,10.55,0
1710,2025-03-01,1027,North America,CA,web,Home,1,81.04,51.15,0
1711,2025-03-01,158,LATAM,CL,web,Fashion,3,147.16,87.98,0
1712,2025-03-01,539,North America,MX,app,Books,1,22.57,17.75,0
1713,2025-03-02,686,North America,CA,partner,Fashion,1,61.79,32.66,0
1714,2025-03-02,655,North America,MX,app,Home,1,76.15,46.72,0
1715,2025-03-02,856,North America,MX,retail,Home,2,132.98,99.03,0
1716,2025-03-02,936,APAC,SG,web,Sports,5,305.03,217.98,0
1717,2025-03-02,282,North America,MX,app,Fashion,1,76.95,44.8,0
1718,2025-03-02,328,EU,IT,app,Electronics,1,259.78,220.2,0
1719,2025-03-02,1281,EU,GB,retail,Electronics,1,296.23,240.43,0
1720,2025-03-03,827,North America,CA,web,Electronics,2,524.45,414.76,0
1721,2025-03-03,423,APAC,IN,app,Sports,4,208.69,135.15,0
1722,2025-03-03,895,EU,GB,web,Grocery,4,118.72,103.94,0
1723,2025-03-03,465,North America,MX,retail,Fashion,1,85.23,44.06,0
1724,2025-03-03,1472,LATAM,CL,app,Electronics,1,170.44,141.72,0
1725,2025-03-03,1236,North America,MX,app,Fashion,1,85.39,43.93,0
1726,2025-03-03,1379,North America,MX,web,Sports,1,94.24,66.75,0
1727,2025-03-03,48,EU,GB,web,Toys,3,94.93,55.68,0
1728,2025-03-03,1080,North America,US,web,Fashion,2,99.15,52.89,0
1729,2025-03-04,501,North America,CA,app,Home,4,452.63,307.29,0
1730,2025-03-04,611,EU,DE,web,Home,4,396.05,248.02,1
1731,2025-03-04,1337,EU,ES,web,Fashion,5,342.88,199.81,0
1732,2025-03-04,696,North America,CA,retail,Electronics,1,235.8,207.17,0
1733,2025-03-04,1498,LATAM,CL,web,Home,2,127.47,82.41,0
1734,2025-03-04,898,EU,DE,web,Home,2,138.23,101.37,0
1735,2025-03-05,549,APAC,KR,app,Fashion,4,268.62,158.08,0
1736,2025-03-05,973,North America,US,app,Fashion,1,82.79,48.14,0
1737,2025-03-05,1302,North America,CA,retail,Fashion,4,262.94,145.03,0
1738,2025-03-05,1040,EU,PL,partner,Sports,4,356.28,249.08,0
1739,2025-03-05,790,North America,MX,web,Sports,1,56.99,36.99,0
1740,2025-03-06,1128,EU,IT,app,Grocery,1,30.25,26.62,0
1741,2025-03-06,7,LATAM,CO,app,Grocery,1,28.92,24.21,0
1742,2025-03-06,569,EU,GB,app,Beauty,6,257.57,135.09,0
1743,2025-03-06,734,LATAM,CL,app,Electronics,3,735.19,597.69,0
1744,2025-03-07,1127,LATAM,CL,app,Home,5,549.21,406.93,0
1745,2025-03-07,617,EU,PL,web,Electronics,1,268.62,204.06,1
1746,2025-03-07,396,LATAM,CL,web,Electronics,1,246.25,199.9,0
1747,2025-03-07,514,North America,US,retail,Electronics,5,1096.73,970.83,0
1748,2025-03-07,747,North America,US,retail,Fashion,2,167.5,100.88,0
1749,2025-03-07,1089,North America,US,app,Toys,1,42.05,24.72,0
1750,2025-03-07,1116,EU,GB,app,Beauty,6,157.54,68.24,0
1751,2025-03-08,476,LATAM,CL,retail,Beauty,1,34.8,18.17,0
1752,2025-03-08,692,EU,PL,app,Toys,2,64.89,39.74,0
1753,2025-03-08,13,APAC,JP,app,Fashion,1,50.54,26.93,0
1754,2025-03-08,414,North America,MX,app,Home,3,267.99,169.81,0
1755,2025-03-08,1085,LATAM,CO,web,Sports,3,266.09,180.61,0
1756,2025-03-08,2,EU,FR,web,Beauty,4,98.7,50.19,0
1757,2025-03-08,1307,North America,US,partner,Beauty,2,75.34,35.64,0
1758,2025-03-08,801,EU,NL,app,Sports,2,157.7,107.81,0
1759,2025-03-08,1263,North America,US,app,Grocery,1,21.71,17.5,0
1760,2025-03-09,711,LATAM,CO,app,Beauty,1,30.29,13.55,0
1761,2025-03-09,227,EU,PL,web,Toys,3,101.64,62.63,0
1762,2025-03-09,406,APAC,JP,web,Home,5,317.67,198.57,0
1763,2025-03-09,1125,EU,DE,web,Toys,1,34.5,20.64,0
1764,2025-03-09,1309,APAC,KR,web,Beauty,1,33.7,16.6,0
1765,2025-03-10,940,North America,CA,web,Home,2,210.48,136.51,0
1766,2025-03-10,1208,APAC,KR,web,Fashion,1,56.33,33.94,0
1767,2025-03-10,210,APAC,KR,app,Beauty,1,35.25,18.03,0
1768,2025-03-10,1476,EU,ES,app,Sports,1,63.65,44.73,0
1769,2025-03-11,895,EU,GB,retail,Toys,4,133.36,76.02,0
1770,2025-03-11,338,North America,US,web,Grocery,4,102.16,79.16,0
1771,2025-03-11,187,APAC,KR,web,Fashion,1,49.08,26.12,0
1772,2025-03-11,911,EU,ES,app,Sports,2,122.91,81.26,1
1773,2025-03-11,270,EU,FR,partner,Toys,1,32.81,18.76,0
1774,2025-03-11,1012,North America,CA,retail,Grocery,1,22.59,17.73,0
1775,2025-03-11,162,EU,NL,web,Sports,1,60.92,37.12,0
1776,2025-03-12,1347,APAC,SG,web,Grocery,4,114.51,107.06,0
1777,2025-03-12,464,North America,MX,app,Toys,1,28.74,18.77,0
1778,2025-03-12,1257,EU,IT,retail,Fashion,1,56.92,31.45,1
1779,2025-03-12,814,EU,PL,partner,Sports,1,60.46,40.31,0
1780,2025-03-12,83,EU,IT,retail,Electronics,1,268.24,223.31,0
1781,2025-03-12,183,APAC,KR,web,Toys,1,38.42,24.72,0
1782,2025-03-12,584,North America,CA,app,Electronics,1,207.12,152.97,0
1783,2025-03-13,567,EU,NL,app,Fashion,2,111.65,60.58,0
1784,2025-03-13,943,North America,MX,app,Fashion,2,171.55,97.93,0
1785,2025-03-13,24,APAC,JP,web,Toys,2,46.19,25.31,0
1786,2025-03-13,1030,LATAM,AR,app,Fashion,1,60.92,33.58,0
1787,2025-03-13,60,APAC,SG,app,Sports,4,328.56,209.2,0
1788,2025-03-13,987,EU,NL,web,Grocery,5,129.85,117.5,0
1789,2025-03-13,38,EU,DE,app,Electronics,1,179.55,161.5,0
1790,2025-03-13,988,APAC,IN,retail,Beauty,1,30.97,13.7,0
1791,2025-03-14,903,APAC,SG,web,Beauty,1,39.64,19.77,0
1792,2025-03-14,1204,EU,NL,retail,Electronics,3,542.16,459.9,0
1793,2025-03-14,272,North America,MX,web,Electronics,4,1176.07,1040.13,0
1794,2025-03-14,452,APAC,IN,web,Sports,4,349.21,236.84,0
1795,2025-03-14,256,EU,DE,app,Sports,2,143.71,87.09,0
1796,2025-03-15,1284,North America,US,partner,Home,2,232.75,169.74,0
1797,2025-03-15,248,North America,MX,retail,Electronics,1,225.74,195.55,0
1798,2025-03-15,660,North America,MX,retail,Electronics,1,205.76,178.92,0
1799,2025-03-15,207,EU,GB,app,Grocery,4,119.9,108.69,0
1800,2025-03-15,675,EU,DE,web,Beauty,7,236.86,124.97,0
1801,2025-03-15,594,EU,IT,retail,Fashion,1,52.53,26.42,0
1802,2025-03-16,758,EU,IT,retail,Electronics,2,451.11,375.52,0
1803,2025-03-16,611,EU,DE,web,Toys,4,153.94,89.31,0
1804,2025-03-16,848,APAC,AU,app,Beauty,6,225.77,109.22,0
1805,2025-03-16,497,EU,FR,app,Books,1,22.73,16.25,0
1806,2025-03-16,1348,APAC,SG,web,Sports,2,100.37,68.3,0
1807,2025-03-16,404,APAC,IN,web,Toys,1,33.84,19.57,0
1808,2025-03-16,889,North America,US,partner,Books,4,70.88,53.83,0
1809,2025-03-16,370,North America,MX,app,Electronics,4,1296.63,1035.84,0
1810,2025-03-16,1249,North America,US,partner,Fashion,1,65.33,38.21,0
1811,2025-03-16,1217,LATAM,AR,retail,Beauty,2,56.23,27.42,0
1812,2025-03-16,835,North America,CA,web,Beauty,2,93.79,46.62,0
1813,2025-03-17,511,North America,CA,app,Fashion,1,53.54,31.17,0
1814,2025-03-17,758,EU,IT,partner,Fashion,1,55.05,31.53,0
1815,2025-03-17,991,EU,IT,web,Electronics,1,266.94,214.49,0
1816,2025-03-18,175,EU,IT,web,Fashion,2,131.71,68.49,0
1817,2025-03-18,896,North America,MX,app,Books,1,24.85,18.41,0
1818,2025-03-18,271,North America,US,web,Home,5,481.93,334.17,0
1819,2025-03-18,144,EU,GB,web,Books,4,66.16,46.55,0
1820,2025-03-18,888,North America,MX,web,Electronics,1,195.19,157.43,0
1821,2025-03-18,716,North America,CA,app,Toys,1,38.81,24.09,0
1822,2025-03-18,1056,North America,CA,app,Books,2,33.4,24.36,0
1823,2025-03-19,218,North America,MX,web,Books,1,22.43,17.6,0
1824,2025-03-19,305,EU,ES,app,Books,1,16.38,10.82,0
1825,2025-03-19,812,EU,NL,retail,Electronics,7,2153.8,1703.31,0
1826,2025-03-19,1094,North America,MX,app,Home,1,102.76,63.21,0
1827,2025-03-19,897,LATAM,BR,web,Beauty,1,28.31,12.85,0
1828,2025-03-20,495,APAC,JP,app,Fashion,1,74.41,42.01,0
1829,2025-03-20,726,EU,IT,app,Electronics,3,884.1,653.58,0
1830,2025-03-20,1172,North America,MX,app,Electronics,1,261.03,221.12,0
1831,2025-03-20,46,LATAM,BR,app,Grocery,1,20.5,18.82,0
1832,2025-03-20,871,LATAM,CO,web,Fashion,2,88.85,46.96,0
1833,2025-03-20,1000,North America,MX,retail,Toys,1,25.86,16.41,0
1834,2025-03-21,1067,North America,MX,app,Electronics,1,253.56,203.96,0
1835,2025-03-21,511,North America,CA,web,Beauty,2,86.76,41.58,0
1836,2025-03-21,466,LATAM,CO,app,Books,4,89.48,58.98,0
1837,2025-03-21,1460,North America,MX,web,Toys,1,36.64,19.9,0
1838,2025-03-21,844,APAC,JP,retail,Toys,1,26.15,14.5,0
1839,2025-03-21,390,EU,FR,app,Toys,3,72.02,38.95,0
1840,2025-03-22,171,EU,ES,web,Electronics,2,567.51,472.84,0
1841,2025-03-22,1192,North America,CA,app,Beauty,4,116.9,57.23,0
1842,2025-03-22,533,EU,PL,web,Home,5,425.87,274.66,0
1843,2025-03-22,1485,LATAM,CO,web,Fashion,2,152.67,87.78,0
1844,2025-03-22,1256,EU,GB,app,Beauty,3,93.83,47.8,0
1845,2025-03-23,1068,LATAM,CL,web,Sports,1,85.21,59.55,0
1846,2025-03-23,187,APAC,KR,retail,Sports,2,168.65,102.53,0
1847,2025-03-23,1436,North America,US,app,Beauty,1,32.37,15.44,0
1848,2025-03-23,1305,APAC,KR,app,Electronics,2,339.52,253.05,0
1849,2025-03-23,1313,North America,US,app,Fashion,1,73.63,43.5,0
1850,2025-03-23,502,APAC,AU,retail,Beauty,1,31.81,16.71,0
1851,2025-03-23,584,North America,CA,retail,Beauty,1,28.19,13.6,0
1852,2025-03-23,683,LATAM,CL,app,Books,1,22.8,15.71,0
1853,2025-03-24,352,APAC,IN,web,Grocery,1,28.98,26.25,0
1854,2025-03-24,984,North America,CA,web,Books,2,30.94,23.09,0
1855,2025-03-24,1008,APAC,JP,web,Electronics,4,677.81,589.77,0
1856,2025-03-24,1458,North America,US,retail,Home,1,76.16,53.55,0
1857,2025-03-24,274,North America,MX,web,Toys,1,26.32,14.69,0
1858,2025-03-25,227,EU,PL,app,Grocery,1,20.92,18.58,0
1859,2025-03-25,691,EU,FR,web,Grocery,4,107.51,84.05,0
1860,2025-03-25,1345,APAC,IN,app,Books,1,20.66,15.51,0
1861,2025-03-25,1465,LATAM,CO,web,Sports,1,73.45,44.69,0
1862,2025-03-25,1319,EU,ES,web,Electronics,1,221.85,195.52,0
1863,2025-03-25,1062,EU,PL,partner,Home,3,330.4,242.59,0
1864,2025-03-25,968,EU,FR,app,Grocery,2,57.23,51.31,0
1865,2025-03-26,1073,EU,ES,web,Beauty,5,174.38,84.12,0
1866,2025-03-26,598,APAC,JP,web,Home,2,158.35,109.58,0
1867,2025-03-26,102,North America,US,web,Sports,2,183.19,121.86,0
1868,2025-03-26,548,APAC,SG,partner,Fashion,2,119.15,65.34,0
1869,2025-03-27,1268,EU,NL,retail,Beauty,2,86.4,44.39,0
1870,2025-03-27,25,North America,CA,web,Books,1,20.35,13.23,0
1871,2025-03-27,826,North America,US,web,Sports,1,80.95,49.44,0
1872,2025-03-27,868,EU,ES,retail,Books,1,19.83,14.71,0
1873,2025-03-27,1009,EU,NL,app,Books,1,20.94,14.86,0
1874,2025-03-28,693,LATAM,AR,web,Grocery,2,47.91,39.64,0
1875,2025-03-28,497,EU,FR,retail,Books,1,14.01,10.21,1
1876,2025-03-28,92,APAC,KR,retail,Sports,4,207.65,135.17,0
1877,2025-03-28,1030,LATAM,AR,retail,Fashion,2,99.53,51.98,0
1878,2025-03-28,1378,EU,GB,retail,Sports,1,60.96,41.6,0
1879,2025-03-28,1315,LATAM,AR,app,Electronics,4,1063.67,914.23,0
1880,2025-03-28,734,LATAM,CL,web,Electronics,2,408.83,355.11,0
1881,2025-03-29,148,APAC,IN,web,Toys,2,64.32,36.76,0
1882,2025-03-29,712,EU,FR,app,Sports,4,357.48,248.01,0
1883,2025-03-29,698,EU,ES,app,Sports,4,198.49,118.18,0
1884,2025-03-29,265,EU,NL,web,Toys,2,74.34,45.38,0
1885,2025-03-29,956,EU,FR,app,Electronics,1,224.54,166.88,0
1886,2025-03-29,881,North America,CA,web,Grocery,1,22.86,21.0,0
1887,2025-03-30,675,EU,DE,app,Fashion,4,306.65,171.49,0
1888,2025-03-30,1260,North America,MX,web,Books,1,19.89,15.16,0
1889,2025-03-30,944,APAC,IN,app,Electronics,4,745.76,582.58,0
1890,2025-03-30,1179,North America,MX,app,Home,2,159.28,101.68,0
1891,2025-03-30,604,North America,MX,app,Books,1,19.64,15.01,0
1892,2025-03-30,110,North America,MX,app,Electronics,2,529.65,465.89,0
1893,2025-03-30,1219,EU,NL,web,Beauty,1,44.39,20.2,0
1894,2025-03-31,1476,EU,ES,app,Toys,2,49.23,29.42,0
1895,2025-03-31,736,North America,US,web,Sports,1,90.28,63.38,1
1896,2025-03-31,836,EU,PL,retail,Toys,1,31.27,19.16,0
1897,2025-03-31,1077,EU,PL,app,Sports,4,217.87,145.3,1
1898,2025-03-31,1194,North America,US,app,Beauty,1,30.96,14.32,0
1899,2025-03-31,617,EU,PL,partner,Beauty,2,76.86,38.35,0
1900,2025-03-31,111,North America,CA,retail,Home,1,89.66,66.88,0
1901,2025-04-01,1280,North America,US,web,Sports,1,95.85,66.72,0
1902,2025-04-01,175,EU,IT,web,Books,1,18.06,11.86,0
1903,2025-04-01,857,EU,ES,retail,Grocery,4,70.25,62.81,0
1904,2025-04-01,906,LATAM,AR,web,Toys,2,42.74,26.64,0
1905,2025-04-01,1167,North America,US,partner,Grocery,1,24.47,22.58,0
1906,2025-04-01,24,APAC,JP,retail,Electronics,2,356.89,271.53,1
1907,2025-04-02,699,North America,CA,web,Electronics,2,618.23,491.0,0
1908,2025-04-02,698,EU,ES,web,Beauty,4,100.37,44.84,0
1909,2025-04-02,1009,EU,NL,app,Beauty,1,25.77,11.55,0
1910,2025-04-02,997,APAC,KR,app,Beauty,1,25.44,11.09,0
1911,2025-04-02,1475,EU,ES,web,Sports,1,57.86,35.58,0
1912,2025-04-02,820,North America,CA,app,Grocery,2,59.67,49.42,0
1913,2025-04-02,540,North America,US,retail,Beauty,1,45.51,22.13,0
1914,2025-04-02,471,EU,ES,app,Beauty,1,31.5,14.04,0
1915,2025-04-03,969,North America,MX,web,Sports,1,94.12,62.7,0
1916,2025-04-03,1002,North America,MX,web,Electronics,4,1094.63,951.46,0
1917,2025-04-03,1446,EU,DE,retail,Books,4,76.97,53.18,0
1918,2025-04-03,1310,EU,IT,web,Toys,2,77.69,43.5,0
1919,2025-04-03,1097,EU,NL,web,Grocery,1,21.14,17.4,0
1920,2025-04-03,1422,APAC,JP,app,Grocery,3,64.56,57.75,0
1921,2025-04-03,1194,North America,US,app,Fashion,4,237.83,134.56,0
1922,2025-04-03,1101,EU,GB,web,Sports,1,59.27,35.33,0
1923,2025-04-04,1260,North America,MX,web,Fashion,1,67.08,40.44,0
1924,2025-04-04,1128,EU,IT,web,Electronics,1,268.67,225.82,0
1925,2025-04-04,1061,EU,FR,partner,Beauty,1,30.95,14.53,0
1926,2025-04-04,531,EU,FR,app,Toys,1,30.15,18.07,0
1927,2025-04-04,367,APAC,JP,web,Beauty,1,43.05,20.15,0
1928,2025-04-04,858,North America,MX,retail,Home,1,94.47,59.03,0
1929,2025-04-04,703,LATAM,CO,web,Beauty,1,36.31,17.05,0
1930,2025-04-04,1001,North America,CA,partner,Grocery,4,95.92,86.11,0
1931,2025-04-05,551,APAC,IN,retail,Electronics,1,302.52,257.42,0
1932,2025-04-05,818,North America,MX,retail,Home,1,78.32,53.84,0
1933,2025-04-05,1233,EU,PL,app,Home,1,108.7,80.32,0
1934,2025-04-05,807,EU,FR,app,Home,6,416.35,289.14,0
1935,2025-04-05,1092,North America,CA,web,Toys,3,125.82,81.02,0
1936,2025-04-06,244,APAC,KR,app,Sports,4,348.66,234.04,0
1937,2025-04-06,332,North America,CA,web,Toys,1,23.22,13.06,0
1938,2025-04-06,655,North America,MX,app,Grocery,3,65.05,53.75,0
1939,2025-04-06,777,EU,IT,web,Fashion,1,61.46,32.49,1
1940,2025-04-06,948,North America,US,web,Books,2,33.53,22.37,0
1941,2025-04-06,1267,APAC,KR,retail,Beauty,1,43.75,20.77,0
1942,2025-04-06,410,EU,NL,web,Books,2,45.67,31.95,0
1943,2025-04-06,251,APAC,SG,web,Toys,3,92.11,54.41,0
1944,2025-04-06,1263,North America,US,web,Sports,1,95.83,60.41,0
1945,2025-04-07,646,North America,MX,app,Fashion,2,166.61,86.76,0
1946,2025-04-07,1197,EU,NL,app,Beauty,1,34.39,14.88,0
1947,2025-04-07,468,North America,MX,web,Beauty,2,82.06,36.21,0
1948,2025-04-07,708,North America,CA,partner,Books,1,24.91,17.02,0
1949,2025-04-07,1282,North America,US,partner,Books,1,14.03,10.6,0
1950,2025-04-07,780,EU,NL,app,Sports,2,101.69,70.33,0
1951,2025-04-07,1317,LATAM,BR,app,Fashion,1,66.79,36.97,0
1952,2025-04-07,1412,North America,CA,retail,Home,2,226.62,165.8,0
1953,2025-04-08,269,EU,PL,web,Fashion,1,68.55,35.69,1
1954,2025-04-08,140,APAC,IN,retail,Books,1,23.33,17.82,0
1955,2025-04-08,664,North America,MX,web,Grocery,1,21.13,19.29,0
1956,2025-04-08,144,EU,GB,web,Toys,5,184.81,116.19,0
1957,2025-04-08,82,EU,GB,app,Grocery,2,36.81,29.99,0
1958,2025-04-08,685,EU,GB,partner,Electronics,1,309.41,249.25,0
1959,2025-04-09,781,LATAM,AR,app,Grocery,4,95.86,75.51,0
1960,2025-04-09,39,North America,CA,retail,Beauty,4,138.35,67.37,0
1961,2025-04-09,1309,APAC,KR,web,Books,2,34.37,25.71,0
1962,2025-04-09,162,EU,NL,web,Sports,2,145.67,87.97,0
1963,2025-04-09,504,North America,MX,web,Beauty,1,35.38,17.54,0
1964,2025-04-09,821,EU,DE,web,Toys,1,28.58,17.85,0
1965,2025-04-09,890,North America,US,retail,Home,4,328.09,213.33,0
1966,2025-04-10,330,North America,CA,web,Grocery,1,20.23,18.76,0
1967,2025-04-10,673,North America,MX,app,Home,1,105.23,77.85,0
1968,2025-04-10,1416,North America,US,web,Home,1,117.1,86.34,0
1969,2025-04-10,1276,LATAM,BR,web,Toys,1,28.61,16.74,0
1970,2025-04-10,1032,APAC,KR,web,Sports,5,297.53,209.62,0
1971,2025-04-10,1186,North America,MX,web,Sports,1,98.51,62.01,0
1972,2025-04-10,1237,North America,CA,web,Grocery,3,84.0,73.92,0
1973,2025-04-10,107,North America,CA,retail,Sports,5,432.63,301.02,0
1974,2025-04-10,534,APAC,IN,app,Grocery,1,28.34,22.2,0
1975,2025-04-10,631,EU,ES,app,Beauty,4,134.02,68.13,0
1976,2025-04-10,367,APAC,JP,app,Home,2,173.11,115.56,0
1977,2025-04-11,65,APAC,SG,web,Beauty,3,136.18,59.18,0
1978,2025-04-11,301,North America,CA,web,Beauty,1,42.13,20.42,0
1979,2025-04-11,798,North America,US,web,Electronics,1,199.59,148.68,0
1980,2025-04-11,1202,North America,MX,web,Electronics,2,632.69,543.39,0
1981,2025-04-11,396,LATAM,CL,web,Fashion,2,149.88,87.21,0
1982,2025-04-11,947,APAC,KR,web,Fashion,3,126.7,64.79,0
1983,2025-04-12,398,EU,PL,app,Books,4,61.14,46.24,0
1984,2025-04-12,1079,North America,US,retail,Beauty,1,45.42,20.04,0
1985,2025-04-12,783,APAC,AU,retail,Electronics,2,501.4,448.98,0
1986,2025-04-12,434,EU,PL,partner,Grocery,2,44.7,35.97,0
1987,2025-04-12,1355,EU,FR,partner,Fashion,3,154.42,90.13,0
1988,2025-04-12,356,North America,MX,web,Books,1,14.2,10.4,0
1989,2025-04-13,352,APAC,IN,app,Sports,2,139.91,99.42,0
1990,2025-04-13,1,EU,FR,app,Electronics,1,242.1,203.51,0
1991,2025-04-13,1247,North America,MX,retail,Toys,5,120.13,70.13,0
1992,2025-04-13,635,APAC,KR,web,Grocery,2,37.04,32.99,0
1993,2025-04-13,1218,North America,CA,app,Grocery,3,89.18,82.32,0
1994,2025-04-13,57,North America,US,partner,Toys,1,42.68,23.92,0
1995,2025-04-13,879,LATAM,CL,web,Toys,2,64.53,40.09,0
1996,2025-04-13,1346,LATAM,CL,web,Books,2,28.71,20.7,0
1997,2025-04-14,619,APAC,AU,web,Beauty,1,29.98,13.0,0
1998,2025-04-14,33,APAC,JP,web,Sports,5,430.72,254.14,0
1999,2025-04-14,356,North America,MX,app,Sports,1,55.5,33.25,0
2000,2025-04-14,289,North America,MX,app,Fashion,5,379.74,208.47,0
2001,2025-04-14,327,North America,US,web,Fashion,2,113.16,60.98,1
2002,2025-04-14,945,North America,US,retail,Sports,5,387.98,235.08,0
2003,2025-04-14,584,North America,CA,web,Home,1,82.21,54.74,0
2004,2025-04-14,88,EU,IT,web,Home,2,209.78,149.33,0
2005,2025-04-14,1069,North America,MX,retail,Grocery,5,158.14,141.95,0
2006,2025-04-15,1210,EU,ES,web,Fashion,1,62.77,34.02,0
2007,2025-04-15,503,LATAM,CL,web,Toys,4,147.53,95.53,0
2008,2025-04-15,531,EU,FR,partner,Electronics,1,281.01,210.83,0
2009,2025-04-15,99,North America,US,app,Electronics,1,223.48,200.19,0
2010,2025-04-16,138,North America,CA,partner,Electronics,1,306.06,264.36,0
2011,2025-04-16,1061,EU,FR,app,Fashion,1,68.85,37.36,0
2012,2025-04-16,15,EU,ES,retail,Books,4,73.85,55.19,0
2013,2025-04-16,1145,North America,US,app,Books,1,19.17,14.16,0
2014,2025-04-16,1078,LATAM,CL,retail,Grocery,1,20.15,17.24,0
2015,2025-04-16,1028,North America,CA,web,Fashion,1,63.4,36.85,0
2016,2025-04-16,387,North America,MX,app,Books,1,24.64,18.42,0
2017,2025-04-16,379,North America,CA,web,Sports,5,470.48,316.93,0
2018,2025-04-16,1078,LATAM,CL,partner,Grocery,1,28.16,25.95,0
2019,2025-04-16,736,North America,US,app,Electronics,4,1258.13,1030.12,0
2020,2025-04-16,6,EU,GB,partner,Toys,1,26.73,15.23,0
2021,2025-04-17,76,LATAM,CO,web,Books,2,25.7,17.21,0
2022,2025-04-17,313,EU,DE,app,Toys,4,143.47,80.32,0
2023,2025-04-17,864,North America,MX,app,Electronics,1,271.24,241.28,0
2024,2025-04-17,127,North America,US,web,Toys,1,31.22,18.48,0
2025,2025-04-17,1482,LATAM,CO,web,Sports,2,161.47,101.29,0
2026,2025-04-17,181,APAC,SG,web,Electronics,1,278.0,217.07,0
2027,2025-04-17,495,APAC,JP,web,Fashion,1,59.0,30.3,0
2028,2025-04-17,1150,APAC,SG,web,Toys,1,32.97,20.86,0
2029,2025-04-18,968,EU,FR,app,Books,1,12.97,9.73,0
2030,2025-04-18,847,North America,CA,app,Beauty,1,39.29,19.78,0
2031,2025-04-18,241,EU,PL,retail,Books,2,38.23,28.47,0
2032,2025-04-18,131,APAC,AU,web,Books,4,83.7,56.51,0
2033,2025-04-18,1112,APAC,IN,app,Sports,1,61.5,36.08,0
2034,2025-04-18,244,APAC,KR,web,Books,4,60.81,41.91,0
2035,2025-04-18,893,North America,CA,app,Grocery,4,88.2,77.91,0
2036,2025-04-18,474,EU,PL,app,Fashion,3,203.39,113.73,0
2037,2025-04-18,1176,EU,NL,web,Grocery,2,58.02,52.97,0
2038,2025-04-19,915,EU,IT,web,Sports,1,70.13,43.3,0
2039,2025-04-19,777,EU,IT,web,Grocery,3,54.69,41.95,0
2040,2025-04-19,475,LATAM,BR,app,Sports,1,75.89,53.92,0
2041,2025-04-19,456,LATAM,CL,web,Beauty,5,129.66,63.66,0
2042,2025-04-19,754,North America,US,retail,Toys,1,31.33,20.62,0
2043,2025-04-20,1479,EU,PL,app,Books,5,70.8,48.11,0
2044,2025-04-20,603,North America,US,web,Fashion,1,66.74,33.08,0
2045,2025-04-20,87,North America,MX,web,Books,1,19.58,13.7,0
2046,2025-04-20,843,APAC,KR,web,Home,4,393.19,248.18,0
2047,2025-04-20,465,North America,MX,web,Books,1,20.71,15.58,0
2048,2025-04-20,592,North America,MX,web,Books,1,18.46,12.05,0
2049,2025-04-20,165,APAC,KR,app,Books,2,45.23,35.24,0
2050,2025-04-20,958,North America,US,app,Toys,1,23.7,13.19,1
2051,2025-04-21,652,EU,FR,web,Fashion,1,70.43,36.17,0
2052,2025-04-21,240,EU,GB,app,Beauty,1,31.43,16.4,0
2053,2025-04-21,593,APAC,IN,app,Sports,1,57.6,40.42,1
2054,2025-04-21,860,North America,US,app,Sports,1,96.11,64.53,0
2055,2025-04-21,1320,EU,PL,retail,Beauty,1,31.42,14.81,0
2056,2025-04-22,1281,EU,GB,app,Sports,1,66.62,47.6,0
2057,2025-04-22,1470,APAC,JP,web,Books,1,20.95,16.48,0
2058,2025-04-22,235,North America,US,partner,Grocery,6,200.85,157.34,0
2059,2025-04-22,1477,North America,CA,app,Grocery,4,88.1,80.47,0
2060,2025-04-22,425,North America,MX,retail,Home,1,70.25,45.06,0
2061,2025-04-22,781,LATAM,AR,web,Toys,4,152.74,97.29,0
2062,2025-04-22,248,North America,MX,app,Electronics,2,592.02,518.82,1
2063,2025-04-22,944,APAC,IN,web,Fashion,4,197.7,109.86,0
2064,2025-04-22,1065,North America,CA,app,Home,2,220.64,141.59,0
2065,2025-04-22,132,North America,US,app,Beauty,4,163.59,83.69,0
2066,2025-04-22,455,LATAM,AR,partner,Grocery,5,162.19,136.25,0
2067,2025-04-23,645,APAC,JP,web,Sports,2,119.94,84.67,0
2068,2025-04-23,1373,LATAM,AR,web,Grocery,6,172.42,132.6,0
2069,2025-04-23,474,EU,PL,retail,Sports,3,239.87,164.99,0
2070,2025-04-23,709,North America,US,app,Sports,1,71.55,46.68,0
2071,2025-04-23,392,North America,US,web,Grocery,1,21.37,19.8,0
2072,2025-04-23,601,EU,PL,app,Electronics,2,340.19,296.18,0
2073,2025-04-24,266,LATAM,CL,web,Toys,2,59.41,38.61,0
2074,2025-04-24,1101,EU,GB,web,Grocery,1,25.1,21.82,0
2075,2025-04-24,329,EU,GB,retail,Grocery,4,90.05,83.19,0
2076,2025-04-24,91,North America,MX,web,Sports,1,66.0,38.69,0
2077,2025-04-24,176,North America,CA,web,Electronics,3,1016.47,792.21,0
2078,2025-04-24,120,EU,FR,web,Sports,6,343.17,238.94,0
2079,2025-04-25,20,EU,DE,web,Toys,3,106.21,67.76,0
2080,2025-04-25,452,APAC,IN,web,Toys,1,31.7,18.05,0
2081,2025-04-25,1378,EU,GB,web,Toys,1,33.82,21.4,0
2082,2025-04-25,957,EU,PL,web,Home,1,95.25,61.54,0
2083,2025-04-25,1213,North America,MX,web,Sports,1,57.99,40.42,0
2084,2025-04-25,1142,North America,CA,partner,Books,2,27.96,21.29,0
2085,2025-04-26,1290,EU,DE,app,Fashion,1,49.22,27.38,0
2086,2025-04-26,266,LATAM,CL,app,Toys,1,28.31,16.49,0
2087,2025-04-26,817,North America,CA,retail,Home,1,76.33,47.39,0
2088,2025-04-26,802,North America,MX,retail,Fashion,4,262.86,147.12,0
2089,2025-04-26,924,EU,PL,web,Beauty,1,39.58,19.99,0
2090,2025-04-26,1499,EU,GB,partner,Home,1,74.18,53.92,0
2091,2025-04-26,752,EU,GB,web,Toys,4,146.5,83.67,0
2092,2025-04-26,1053,North America,US,web,Toys,4,115.48,63.51,0
2093,2025-04-26,1039,North America,US,app,Home,1,103.73,63.84,0
2094,2025-04-27,580,EU,ES,retail,Toys,1,27.57,16.33,1
2095,2025-04-27,1390,North America,US,web,Grocery,1,23.25,21.65,0
2096,2025-04-27,1384,EU,GB,web,Toys,4,124.08,70.77,0
2097,2025-04-27,473,North America,MX,partner,Home,2,161.55,112.37,0
2098,2025-04-27,904,EU,ES,web,Home,4,344.26,227.98,0
2099,2025-04-28,891,North America,MX,retail,Sports,4,345.74,233.4,0
2100,2025-04-28,425,North America,MX,app,Grocery,1,34.12,27.59,0
2101,2025-04-28,1323,EU,PL,app,Electronics,1,275.29,217.02,0
2102,2025-04-28,180,North America,CA,partner,Sports,1,99.56,70.92,0
2103,2025-04-28,1389,North America,CA,web,Beauty,1,49.62,24.11,0
2104,2025-04-28,871,LATAM,CO,retail,Toys,1,27.06,16.76,0
2105,2025-04-29,1080,North America,US,web,Fashion,1,78.54,39.71,0
2106,2025-04-29,670,North America,CA,app,Toys,2,65.91,37.55,0
2107,2025-04-29,1364,North America,CA,retail,Home,2,139.57,90.17,0
2108,2025-04-29,111,North America,CA,retail,Beauty,2,64.8,33.88,0
2109,2025-04-29,299,North America,CA,app,Electronics,1,185.91,151.34,0
2110,2025-04-29,338,North America,US,web,Fashion,4,330.81,200.12,1
2111,2025-04-29,1437,EU,GB,web,Beauty,1,28.7,12.97,0
2112,2025-04-30,61,APAC,SG,web,Beauty,5,197.78,94.55,0
2113,2025-04-30,436,North America,US,partner,Grocery,3,88.61,78.62,0
2114,2025-04-30,332,North America,CA,web,Home,1,65.81,48.81,0
2115,2025-04-30,1171,EU,FR,retail,Sports,1,68.4,43.53,0
2116,2025-04-30,484,EU,DE,app,Electronics,1,304.09,244.0,0
2117,2025-04-30,307,North America,MX,web,Fashion,1,62.38,31.52,0
2118,2025-04-30,683,LATAM,CL,retail,Home,1,65.48,43.46,1
2119,2025-05-01,1055,EU,ES,app,Grocery,5,98.06,84.5,0
2120,2025-05-01,1136,EU,FR,retail,Electronics,1,198.88,153.15,0
2121,2025-05-01,943,North America,MX,retail,Grocery,1,23.69,21.34,0
2122,2025-05-01,883,EU,FR,partner,Grocery,4,121.29,111.07,0
2123,2025-05-01,355,North America,MX,retail,Fashion,4,241.72,139.58,1
2124,2025-05-01,940,North America,CA,retail,Grocery,4,92.51,83.18,0
2125,2025-05-01,442,North America,US,web,Books,1,18.72,13.1,0
2126,2025-05-02,1355,EU,FR,app,Fashion,3,169.45,100.49,0
2127,2025-05-02,1488,North America,CA,retail,Home,4,375.28,255.46,0
2128,2025-05-02,822,EU,FR,retail,Home,1,81.63,51.97,0
2129,2025-05-02,886,EU,NL,web,Fashion,2,94.72,51.23,0
2130,2025-05-02,1071,LATAM,CL,web,Fashion,2,132.68,66.31,0
2131,2025-05-03,757,APAC,KR,retail,Grocery,1,21.98,19.69,0
2132,2025-05-03,1263,North America,US,app,Books,2,37.32,29.39,0
2133,2025-05-03,336,APAC,IN,retail,Toys,2,74.55,43.02,0
2134,2025-05-03,1152,EU,DE,web,Home,1,65.59,43.66,0
2135,2025-05-03,254,North America,MX,app,Grocery,4,108.54,101.09,0
2136,2025-05-03,591,EU,ES,app,Sports,2,146.21,99.05,0
2137,2025-05-04,755,LATAM,AR,app,Fashion,3,204.62,102.49,0
2138,2025-05-04,1490,EU,FR,app,Grocery,1,18.43,16.16,0
2139,2025-05-04,812,EU,NL,web,Sports,4,202.12,133.62,0
2140,2025-05-04,1260,North America,MX,retail,Toys,2,79.38,45.51,0
2141,2025-05-04,465,North America,MX,web,Home,1,119.83,88.58,0
2142,2025-05-05,567,EU,NL,partner,Grocery,3,53.33,44.96,0
2143,2025-05-05,1194,North America,US,retail,Books,1,24.18,17.75,0
2144,2025-05-05,1024,LATAM,AR,app,Beauty,2,67.6,33.11,0
2145,2025-05-05,1378,EU,GB,web,Grocery,1,20.65,16.22,0
2146,2025-05-05,885,North America,MX,app,Electronics,1,316.38,275.89,0
2147,2025-05-05,164,North America,MX,app,Electronics,2,675.68,560.62,0
2148,2025-05-05,1056,North America,CA,web,Electronics,2,620.4,474.04,0
2149,2025-05-05,451,EU,FR,web,Home,8,727.3,503.71,0
2150,2025-05-06,1406,EU,GB,web,Sports,7,350.78,227.4,0
2151,2025-05-06,49,APAC,SG,retail,Grocery,4,90.66,71.21,0
2152,2025-05-06,997,APAC,KR,web,Toys,1,22.58,14.07,0
2153,2025-05-06,964,North America,MX,web,Toys,1,28.19,17.91,0
2154,2025-05-06,1241,North America,CA,retail,Fashion,1,69.71,36.12,0
2155,2025-05-06,54,North America,MX,app,Books,2,35.44,25.0,0
2156,2025-05-06,362,North America,US,web,Toys,1,30.18,16.88,0
2157,2025-05-07,352,APAC,IN,app,Sports,1,81.53,50.42,0
2158,2025-05-07,591,EU,ES,retail,Beauty,1,26.04,13.22,0
2159,2025-05-07,289,North America,MX,web,Books,4,102.38,75.91,0
2160,2025-05-07,575,North America,US,web,Toys,4,119.57,69.75,0
2161,2025-05-07,910,EU,IT,retail,Grocery,1,25.38,20.64,0
2162,2025-05-07,74,APAC,AU,partner,Toys,1,32.29,17.63,0
2163,2025-05-07,915,EU,IT,partner,Toys,1,33.98,18.58,0
2164,2025-05-07,941,North America,MX,app,Sports,2,134.63,83.87,0
2165,2025-05-07,1147,APAC,JP,retail,Fashion,1,56.19,33.78,1
2166,2025-05-08,1207,North America,CA,app,Toys,2,76.59,46.22,0
2167,2025-05-08,1412,North America,CA,retail,Home,1,111.7,81.63,0
2168,2025-05-08,549,APAC,KR,web,Electronics,4,800.11,594.0,0
2169,2025-05-08,524,EU,ES,web,Sports,3,200.73,122.18,0
2170,2025-05-08,1217,LATAM,AR,retail,Toys,1,27.01,16.21,0
2171,2025-05-08,1133,LATAM,AR,web,Fashion,1,67.31,38.54,0
2172,2025-05-08,408,APAC,IN,web,Electronics,4,1007.21,821.13,0
2173,2025-05-08,1393,LATAM,CO,retail,Books,1,16.94,12.56,0
2174,2025-05-09,1410,EU,IT,retail,Fashion,1,56.97,32.03,0
2175,2025-05-09,1483,APAC,AU,web,Beauty,1,28.65,13.48,0
2176,2025-05-09,5,EU,DE,app,Toys,1,37.64,21.47,0
2177,2025-05-09,254,North America,MX,web,Books,6,89.81,69.64,1
2178,2025-05-09,36,North America,US,retail,Home,1,105.15,76.23,0
2179,2025-05-09,65,APAC,SG,web,Sports,1,55.83,34.49,1
2180,2025-05-09,425,North America,MX,web,Fashion,1,78.86,41.85,0
2181,2025-05-09,775,APAC,AU,app,Electronics,1,228.57,183.61,0
2182,2025-05-09,416,LATAM,CO,web,Home,1,79.83,59.3,0
2183,2025-05-10,622,EU,PL,web,Toys,1,31.51,19.88,0
2184,2025-05-10,458,North America,MX,app,Electronics,1,309.41,276.56,0
2185,2025-05-10,1041,EU,IT,app,Toys,1,36.63,19.88,0
2186,2025-05-10,1128,EU,IT,app,Beauty,1,38.54,18.33,0
2187,2025-05-11,457,EU,DE,retail,Fashion,4,211.28,107.32,0
2188,2025-05-11,1199,APAC,JP,web,Beauty,1,33.96,17.72,0
2189,2025-05-11,733,North America,MX,app,Electronics,2,477.34,409.79,0
2190,2025-05-11,359,North America,CA,app,Home,2,223.75,149.7,0
2191,2025-05-11,1198,EU,IT,app,Sports,2,164.18,101.78,0
2192,2025-05-11,797,APAC,AU,retail,Home,6,561.28,345.8,0
2193,2025-05-11,416,LATAM,CO,web,Sports,2,149.46,104.1,0
2194,2025-05-11,49,APAC,SG,app,Fashion,5,326.82,193.2,0
2195,2025-05-12,973,North America,US,app,Electronics,1,285.86,226.18,0
2196,2025-05-12,1102,North America,US,web,Sports,1,89.77,63.78,0
2197,2025-05-12,760,EU,IT,web,Beauty,2,77.47,34.37,0
2198,2025-05-12,1024,LATAM,AR,web,Beauty,1,39.36,20.07,1
2199,2025-05-12,1056,North America,CA,retail,Electronics,1,318.2,245.33,0
2200,2025-05-12,242,EU,ES,app,Books,1,20.39,15.75,0
2201,2025-05-12,417,North America,MX,app,Books,1,23.67,15.63,0
2202,2025-05-12,1270,North America,MX,web,Beauty,2,62.77,29.0,0
2203,2025-05-12,1317,LATAM,BR,web,Electronics,1,176.72,154.35,0
2204,2025-05-12,1160,North America,MX,web,Sports,1,57.02,40.6,0
2205,2025-05-12,115,North America,CA,retail,Electronics,1,236.79,195.6,0
2206,2025-05-12,1453,North America,US,retail,Books,2,50.37,32.78,0
2207,2025-05-12,131,APAC,AU,web,Home,4,354.36,243.95,0
2208,2025-05-12,1357,APAC,SG,retail,Electronics,1,250.7,207.4,0
2209,2025-05-13,751,LATAM,BR,web,Grocery,1,25.72,20.34,0
2210,2025-05-13,820,North America,CA,web,Beauty,1,46.03,20.23,0
2211,2025-05-13,135,EU,PL,web,Sports,2,115.83,72.12,0
2212,2025-05-13,265,EU,NL,app,Books,1,15.23,9.94,0
2213,2025-05-13,652,EU,FR,web,Grocery,1,24.89,19.28,0
2214,2025-05-13,201,EU,DE,web,Books,1,20.21,15.36,0
2215,2025-05-13,391,EU,FR,partner,Home,2,141.57,103.76,0
2216,2025-05-13,799,APAC,IN,web,Home,1,79.44,52.24,0
2217,2025-05-13,559,North America,CA,web,Beauty,1,47.25,23.06,0
2218,2025-05-14,1033,APAC,IN,app,Home,1,88.45,57.64,0
2219,2025-05-14,473,North America,MX,partner,Home,1,107.29,72.6,0
2220,2025-05-14,791,North America,CA,retail,Fashion,4,299.0,156.95,0
2221,2025-05-14,271,North America,US,app,Grocery,4,91.23,83.59,0
2222,2025-05-15,427,APAC,SG,retail,Fashion,1,62.83,36.63,1
2223,2025-05-15,1309,APAC,KR,app,Fashion,1,52.65,30.79,0
2224,2025-05-15,187,APAC,KR,app,Home,1,72.05,52.21,0
2225,2025-05-15,803,North America,US,app,Home,1,77.34,51.08,0
2226,2025-05-15,1275,North America,MX,web,Home,1,105.52,67.42,0
2227,2025-05-15,208,North America,US,retail,Beauty,1,28.23,12.82,0
2228,2025-05-15,1162,North America,MX,web,Sports,1,71.21,50.24,0
2229,2025-05-15,1363,North America,US,web,Toys,2,61.33,36.91,0
2230,2025-05-15,184,North America,CA,app,Electronics,2,427.11,365.73,0
2231,2025-05-15,257,North America,US,partner,Fashion,2,94.04,54.65,0
2232,2025-05-15,65,APAC,SG,retail,Fashion,1,47.92,28.03,0
2233,2025-05-15,991,EU,IT,app,Toys,1,27.1,16.3,0
2234,2025-05-15,104,North America,US,web,Electronics,1,298.81,267.8,0
2235,2025-05-16,1228,North America,CA,app,Toys,2,49.13,29.73,0
2236,2025-05-16,885,North America,MX,web,Grocery,2,53.13,41.77,0
2237,2025-05-16,1092,North America,CA,retail,Toys,3,128.42,84.59,0
2238,2025-05-16,928,North America,US,partner,Grocery,1,19.9,17.2,0
2239,2025-05-16,1262,APAC,JP,retail,Grocery,1,18.02,15.79,0
2240,2025-05-16,776,North America,MX,app,Home,1,89.54,55.75,0
2241,2025-05-16,534,APAC,IN,web,Beauty,1,34.2,15.05,0
2242,2025-05-16,34,North America,US,app,Fashion,1,72.23,43.43,0
2243,2025-05-16,889,North America,US,web,Fashion,2,163.59,95.81,0
2244,2025-05-16,682,EU,PL,web,Beauty,2,55.59,27.25,0
2245,2025-05-16,639,EU,ES,web,Grocery,1,28.79,24.28,0
2246,2025-05-17,196,LATAM,CL,partner,Electronics,1,259.33,228.18,0
2247,2025-05-17,543,EU,ES,app,Fashion,1,60.5,33.08,0
2248,2025-05-17,1347,APAC,SG,retail,Sports,1,83.59,53.8,0
2249,2025-05-17,1076,North America,US,retail,Beauty,1,41.19,19.68,0
2250,2025-05-17,494,EU,IT,web,Fashion,1,43.16,24.33,0
2251,2025-05-17,91,North America,MX,web,Grocery,1,35.67,29.96,0
2252,2025-05-17,302,LATAM,CL,app,Sports,1,88.94,60.88,0
2253,2025-05-17,1427,EU,NL,web,Home,1,68.5,51.18,0
2254,2025-05-18,251,APAC,SG,web,Grocery,1,31.82,27.93,0
2255,2025-05-18,1092,North America,CA,partner,Home,1,109.67,75.96,0
2256,2025-05-18,428,EU,DE,partner,Grocery,2,58.16,45.04,0
2257,2025-05-18,772,North America,CA,app,Sports,4,267.51,162.26,0
2258,2025-05-18,880,EU,DE,retail,Home,1,63.51,43.02,0
2259,2025-05-18,237,APAC,SG,partner,Fashion,4,291.22,174.55,0
2260,2025-05-18,1454,LATAM,CL,retail,Toys,1,30.2,19.68,0
2261,2025-05-18,1112,APAC,IN,app,Fashion,1,42.23,23.1,0
2262,2025-05-18,917,North America,CA,web,Electronics,1,251.86,190.23,0
2263,2025-05-18,784,LATAM,CL,web,Sports,1,90.77,62.18,0
2264,2025-05-19,347,LATAM,CO,retail,Books,1,14.3,9.3,0
2265,2025-05-19,582,North America,US,retail,Books,1,21.77,16.2,0
2266,2025-05-19,937,APAC,SG,web,Beauty,1,42.88,19.61,0
2267,2025-05-19,848,APAC,AU,web,Grocery,4,71.23,60.73,0
2268,2025-05-19,1069,North America,MX,app,Home,4,307.68,224.68,0
2269,2025-05-19,908,EU,GB,app,Beauty,1,31.69,15.85,0
2270,2025-05-19,1357,APAC,SG,app,Sports,1,75.31,44.41,0
2271,2025-05-19,1367,LATAM,CO,app,Home,1,82.65,56.9,0
2272,2025-05-19,600,North America,US,app,Grocery,5,103.52,80.16,0
2273,2025-05-20,280,EU,IT,retail,Toys,1,37.85,20.82,0
2274,2025-05-20,636,EU,ES,web,Fashion,1,75.14,40.25,0
2275,2025-05-20,337,EU,DE,web,Toys,1,26.85,17.38,0
2276,2025-05-20,336,APAC,IN,retail,Fashion,1,63.77,34.44,0
2277,2025-05-20,738,APAC,AU,web,Grocery,1,26.54,23.61,0
2278,2025-05-20,343,APAC,SG,app,Fashion,4,308.91,174.33,0
2279,2025-05-21,1025,APAC,IN,app,Beauty,1,41.66,19.98,0
2280,2025-05-21,1249,North America,US,app,Books,1,23.34,16.75,0
2281,2025-05-22,1164,North America,CA,app,Toys,1,32.26,19.29,0
2282,2025-05-22,1129,APAC,AU,web,Books,1,18.87,14.87,0
2283,2025-05-22,518,North America,MX,partner,Home,4,466.19,327.43,0
2284,2025-05-22,944,APAC,IN,web,Books,4,74.8,51.94,0
2285,2025-05-22,1141,APAC,IN,web,Grocery,3,88.2,70.82,0
2286,2025-05-22,535,EU,FR,web,Sports,1,67.7,45.95,0
2287,2025-05-22,1313,North America,US,web,Toys,2,57.01,36.28,0
2288,2025-05-22,1295,EU,ES,app,Toys,1,31.39,18.64,0
2289,2025-05-22,1435,LATAM,BR,web,Sports,1,88.53,55.69,0
2290,2025-05-22,497,EU,FR,app,Fashion,1,43.68,25.14,0
2291,2025-05-23,184,North America,CA,retail,Beauty,1,37.4,18.18,0
2292,2025-05-23,907,LATAM,AR,web,Toys,5,106.07,62.92,0
2293,2025-05-23,130,APAC,KR,web,Electronics,1,286.11,215.99,0
2294,2025-05-23,714,EU,GB,retail,Electronics,1,221.71,189.13,0
2295,2025-05-23,1042,LATAM,BR,app,Beauty,4,136.5,66.46,0
2296,2025-05-23,177,EU,GB,app,Books,5,66.7,49.17,0
2297,2025-05-24,863,EU,PL,web,Home,1,59.71,43.81,0
2298,2025-05-24,908,EU,GB,web,Beauty,1,37.31,19.0,0
2299,2025-05-24,944,APAC,IN,retail,Home,4,394.27,273.66,0
2300,2025-05-24,978,North America,MX,app,Home,6,682.32,444.93,0
2301,2025-05-24,488,EU,PL,web,Sports,3,184.13,131.32,0
2302,2025-05-24,114,APAC,KR,web,Fashion,1,70.11,35.48,0
2303,2025-05-25,364,EU,PL,web,Grocery,2,62.12,53.82,0
2304,2025-05-25,1169,APAC,KR,web,Sports,4,196.68,131.7,0
2305,2025-05-25,154,EU,FR,app,Grocery,1,32.46,25.13,0
2306,2025-05-25,1062,EU,PL,web,Fashion,2,102.9,61.31,1
2307,2025-05-25,830,EU,IT,retail,Toys,4,104.46,68.05,0
2308,2025-05-25,984,North America,CA,web,Books,2,43.77,34.61,0
2309,2025-05-25,724,North America,MX,app,Beauty,1,43.93,19.12,0
2310,2025-05-25,832,North America,MX,retail,Sports,1,98.42,69.43,0
2311,2025-05-26,1480,EU,NL,app,Toys,2,43.86,27.22,0
2312,2025-05-26,95,APAC,JP,web,Grocery,1,31.85,28.78,0
2313,2025-05-26,1289,North America,MX,partner,Fashion,5,343.89,189.55,0
2314,2025-05-26,355,North America,MX,web,Beauty,2,55.22,24.79,0
2315,2025-05-26,1299,LATAM,CL,web,Electronics,3,828.64,734.28,0
2316,2025-05-26,176,North America,CA,web,Sports,2,199.13,129.75,0
2317,2025-05-26,81,North America,US,web,Fashion,1,47.45,27.6,0
2318,2025-05-26,1165,North America,US,retail,Beauty,1,45.0,19.61,0
2319,2025-05-26,1060,North America,MX,web,Toys,2,76.01,49.68,0
2320,2025-05-27,619,APAC,AU,web,Beauty,6,213.27,100.3,0
2321,2025-05-27,506,North America,CA,retail,Fashion,4,257.98,155.17,0
2322,2025-05-27,495,APAC,JP,app,Sports,1,85.46,57.77,0
2323,2025-05-27,1095,EU,GB,partner,Grocery,1,27.35,22.08,0
2324,2025-05-27,1213,North America,MX,retail,Books,1,25.59,16.95,0
2325,2025-05-27,1306,LATAM,CL,retail,Books,1,14.53,9.72,0
2326,2025-05-27,709,North America,US,web,Grocery,2,43.15,34.53,0
2327,2025-05-27,691,EU,FR,app,Electronics,4,712.06,537.47,0
2328,2025-05-28,256,EU,DE,web,Electronics,1,283.34,215.13,0
2329,2025-05-28,131,APAC,AU,app,Books,4,54.54,38.53,0
2330,2025-05-28,97,APAC,IN,web,Beauty,1,38.37,18.54,0
2331,2025-05-28,782,LATAM,BR,retail,Toys,1,29.25,19.01,0
2332,2025-05-28,1050,North America,US,retail,Toys,1,30.23,18.31,0
2333,2025-05-28,167,LATAM,CO,partner,Electronics,1,299.73,238.3,0
2334,2025-05-28,610,North America,MX,app,Toys,2,57.75,36.08,0
2335,2025-05-28,1408,North America,MX,retail,Sports,4,323.4,189.54,0
2336,2025-05-28,1413,EU,DE,web,Toys,2,44.14,28.14,0
2337,2025-05-28,411,APAC,JP,app,Toys,2,67.76,40.78,1
2338,2025-05-28,675,EU,DE,app,Sports,5,314.09,183.9,0
2339,2025-05-29,994,North America,CA,app,Beauty,1,39.92,19.81,0
2340,2025-05-29,490,APAC,SG,web,Electronics,1,237.87,194.54,1
2341,2025-05-29,1306,LATAM,CL,web,Fashion,2,113.58,65.07,0
2342,2025-05-29,196,LATAM,CL,app,Grocery,1,23.45,18.07,0
2343,2025-05-29,510,LATAM,BR,retail,Grocery,1,21.49,19.21,0
2344,2025-05-29,1102,North America,US,app,Beauty,2,83.5,39.51,0
2345,2025-05-29,1019,North America,US,retail,Toys,1,28.7,16.01,0
2346,2025-05-29,901,APAC,KR,partner,Beauty,1,34.57,17.33,0
2347,2025-05-30,572,EU,NL,app,Electronics,3,586.31,501.54,0
2348,2025-05-30,1007,LATAM,CL,app,Beauty,1,45.18,21.63,0
2349,2025-05-30,800,North America,CA,partner,Sports,1,55.57,36.53,0
2350,2025-05-30,224,North America,MX,retail,Books,1,18.91,12.82,0
2351,2025-05-30,746,North America,MX,web,Grocery,1,29.56,23.16,0
2352,2025-05-30,457,EU,DE,web,Home,6,507.4,341.68,0
2353,2025-05-31,1300,APAC,KR,web,Home,2,154.54,111.44,0
2354,2025-05-31,1168,LATAM,CL,retail,Beauty,1,38.05,18.63,0
2355,2025-05-31,785,North America,MX,partner,Electronics,4,1023.48,763.78,0
2356,2025-05-31,683,LATAM,CL,web,Fashion,1,65.43,36.5,0
2357,2025-05-31,805,EU,DE,app,Sports,4,260.39,181.52,0
2358,2025-05-31,837,LATAM,CO,web,Fashion,1,73.39,38.38,1
2359,2025-05-31,21,EU,DE,web,Toys,4,118.06,64.08,0
2360,2025-05-31,741,North America,MX,web,Fashion,2,96.88,57.5,0
2361,2025-05-31,640,EU,DE,retail,Home,1,100.65,73.96,0
2362,2025-05-31,681,EU,IT,web,Toys,1,29.08,16.35,0
2363,2025-05-31,533,EU,PL,app,Home,5,473.75,315.02,1
2364,2025-05-31,562,EU,GB,app,Grocery,1,28.81,26.06,0
2365,2025-05-31,1104,APAC,SG,partner,Fashion,1,70.2,35.37,0
2366,2025-06-01,1391,EU,NL,web,Electronics,1,205.96,166.63,0
2367,2025-06-01,296,LATAM,CL,app,Grocery,1,25.39,20.31,0
2368,2025-06-01,274,North America,MX,partner,Grocery,1,22.56,17.7,0
2369,2025-06-01,1196,EU,GB,web,Home,1,89.1,59.38,0
2370,2025-06-01,769,EU,FR,web,Grocery,4,124.96,100.11,0
2371,2025-06-01,279,North America,MX,retail,Electronics,1,265.84,197.02,0
2372,2025-06-02,381,North America,US,web,Beauty,1,39.43,20.48,0
2373,2025-06-02,1301,EU,IT,partner,Toys,4,138.04,74.73,0
2374,2025-06-02,473,North America,MX,retail,Beauty,3,104.72,47.87,0
2375,2025-06-02,1082,North America,CA,web,Books,1,18.83,14.11,0
2376,2025-06-02,1344,APAC,JP,web,Grocery,1,27.96,23.65,0
2377,2025-06-02,1082,North America,CA,retail,Home,2,133.3,91.62,0
2378,2025-06-02,49,APAC,SG,app,Home,5,479.9,355.48,0
2379,2025-06-02,222,North America,CA,web,Toys,2,84.55,52.79,0
2380,2025-06-03,936,APAC,SG,web,Home,7,471.38,309.53,0
2381,2025-06-03,1496,EU,PL,web,Fashion,1,75.66,38.08,0
2382,2025-06-03,828,APAC,AU,partner,Sports,4,239.09,166.53,0
2383,2025-06-03,1071,LATAM,CL,app,Toys,1,23.61,13.54,0
2384,2025-06-03,952,EU,GB,retail,Home,1,101.1,74.22,0
2385,2025-06-03,72,North America,CA,web,Books,1,16.88,12.46,0
2386,2025-06-03,501,North America,CA,partner,Books,5,122.49,95.23,0
2387,2025-06-03,200,North America,CA,web,Books,1,21.12,16.2,0
2388,2025-06-03,121,APAC,IN,web,Fashion,4,185.2,105.67,0
2389,2025-06-03,1196,EU,GB,web,Beauty,1,45.28,21.23,0
2390,2025-06-03,1023,EU,GB,web,Electronics,4,713.58,643.4,0
2391,2025-06-04,1013,EU,GB,web,Beauty,1,33.4,14.67,0
2392,2025-06-04,938,APAC,IN,app,Grocery,4,93.56,76.76,0
2393,2025-06-04,203,North America,CA,web,Toys,1,35.18,19.06,0
2394,2025-06-04,995,EU,IT,web,Books,1,15.51,12.28,0
2395,2025-06-05,1176,EU,NL,web,Grocery,2,51.7,40.5,0
2396,2025-06-05,56,EU,ES,web,Sports,3,180.81,116.29,0
2397,2025-06-05,1433,EU,GB,app,Grocery,1,24.93,20.45,0
2398,2025-06-05,772,North America,CA,web,Books,4,82.61,59.05,0
2399,2025-06-05,1169,APAC,KR,web,Grocery,6,167.42,138.94,0
2400,2025-06-05,946,EU,ES,app,Books,1,17.94,12.04,0
2401,2025-06-05,878,North America,MX,web,Toys,2,85.66,50.39,0
2402,2025-06-05,427,APAC,SG,web,Sports,1,51.98,30.65,0
2403,2025-06-05,1293,EU,PL,app,Fashion,1,70.0,40.26,0
2404,2025-06-05,1419,APAC,IN,retail,Books,4,86.78,64.54,0
2405,2025-06-05,443,APAC,KR,web,Sports,1,73.71,52.18,0
2406,2025-06-06,622,EU,PL,app,Beauty,1,34.21,15.47,0
2407,2025-06-06,1295,EU,ES,app,Home,1,71.48,51.14,0
2408,2025-06-06,1264,North America,US,app,Books,1,16.07,11.91,0
2409,2025-06-06,1218,North America,CA,web,Sports,4,295.4,197.72,0
2410,2025-06-06,464,North America,MX,web,Books,1,20.02,14.67,0
2411,2025-06-06,148,APAC,IN,app,Toys,1,33.22,21.84,0
2412,2025-06-06,999,APAC,SG,partner,Beauty,2,73.78,34.51,0
2413,2025-06-06,349,APAC,KR,app,Toys,1,37.19,20.34,0
2414,2025-06-06,149,APAC,KR,app,Beauty,2,65.88,33.86,0
2415,2025-06-06,407,North America,US,web,Toys,1,41.95,25.31,0
2416,2025-06-07,1176,EU,NL,web,Home,1,63.48,46.79,0
2417,2025-06-07,205,LATAM,CL,app,Beauty,2,54.43,26.98,0
2418,2025-06-07,830,EU,IT,web,Electronics,1,254.63,227.71,0
2419,2025-06-07,1078,LATAM,CL,app,Books,1,17.05,13.21,0
2420,2025-06-07,67,LATAM,CL,app,Toys,4,128.89,73.54,0
2421,2025-06-07,737,North America,MX,web,Beauty,1,32.53,16.88,0
2422,2025-06-07,1286,APAC,JP,web,Home,4,367.84,226.25,0
2423,2025-06-07,413,EU,DE,retail,Home,1,108.69,73.65,0
2424,2025-06-07,621,North America,CA,app,Fashion,1,54.86,29.41,0
2425,2025-06-07,734,LATAM,CL,web,Books,1,21.99,15.97,0
2426,2025-06-08,519,EU,GB,web,Toys,1,22.96,14.53,0
2427,2025-06-08,636,EU,ES,web,Sports,1,72.9,43.38,0
2428,2025-06-08,878,North America,MX,app,Books,1,22.6,14.9,0
2429,2025-06-08,118,EU,DE,partner,Beauty,1,40.35,17.92,0
2430,2025-06-08,1047,EU,GB,web,Beauty,5,161.98,73.51,0
2431,2025-06-08,126,North America,CA,retail,Sports,4,295.03,178.8,0
2432,2025-06-08,1244,APAC,JP,web,Fashion,1,55.91,28.54,0
2433,2025-06-09,956,EU,FR,retail,Books,1,18.47,14.05,0
2434,2025-06-09,489,EU,PL,web,Grocery,1,31.6,27.29,0
2435,2025-06-09,828,APAC,AU,web,Books,4,69.45,49.53,0
2436,2025-06-09,549,APAC,KR,web,Books,4,76.59,52.85,0
2437,2025-06-09,349,APAC,KR,app,Fashion,1,69.77,37.85,0
2438,2025-06-09,1095,EU,GB,app,Books,1,22.31,14.48,0
2439,2025-06-09,1071,LATAM,CL,retail,Electronics,2,380.02,282.72,0
2440,2025-06-09,850,EU,PL,retail,Books,1,19.58,13.97,0
2441,2025-06-09,636,EU,ES,web,Home,1,105.69,68.94,0
2442,2025-06-09,1104,APAC,SG,app,Home,1,107.93,75.18,0
2443,2025-06-09,164,North America,MX,app,Sports,5,355.86,226.03,0
2444,2025-06-10,1447,North America,CA,web,Beauty,1,37.31,17.3,0
2445,2025-06-10,259,EU,PL,partner,Beauty,2,74.64,37.63,0
2446,2025-06-10,1357,APAC,SG,partner,Books,1,13.34,10.53,0
2447,2025-06-10,1168,LATAM,CL,web,Fashion,3,178.39,100.57,0
2448,2025-06-10,760,EU,IT,app,Fashion,2,107.33,63.43,0
2449,2025-06-10,1086,APAC,IN,retail,Grocery,2,50.33,38.54,0
2450,2025-06-11,41,North America,CA,web,Toys,4,148.41,88.6,0
2451,2025-06-11,254,North America,MX,app,Sports,4,356.42,210.88,0
2452,2025-06-11,1223,LATAM,BR,app,Beauty,6,213.47,95.18,0
2453,2025-06-11,433,EU,GB,web,Beauty,1,40.64,17.61,0
2454,2025-06-11,399,EU,IT,app,Grocery,2,48.51,37.72,0
2455,2025-06-11,839,EU,ES,app,Books,4,63.7,47.6,0
2456,2025-06-11,21,EU,DE,retail,Books,7,161.17,107.49,0
2457,2025-06-11,488,EU,PL,app,Electronics,2,623.73,460.67,0
2458,2025-06-12,327,North America,US,app,Home,3,312.32,194.4,0
2459,2025-06-12,1159,North America,CA,web,Toys,1,38.41,22.53,0
2460,2025-06-12,1445,North America,CA,retail,Electronics,1,193.91,171.75,0
2461,2025-06-12,902,North America,CA,web,Toys,1,29.05,19.16,0
2462,2025-06-12,1048,LATAM,CO,retail,Electronics,1,308.58,245.71,0
2463,2025-06-12,1404,North America,MX,partner,Home,1,95.38,59.04,0
2464,2025-06-12,1084,North America,MX,web,Electronics,3,977.83,840.97,0
2465,2025-06-13,1246,EU,PL,retail,Electronics,1,262.92,202.55,0
2466,2025-06-13,537,EU,PL,partner,Electronics,5,1485.31,1120.68,0
2467,2025-06-13,787,APAC,SG,app,Electronics,2,365.71,318.69,0
2468,2025-06-13,618,North America,CA,app,Beauty,5,151.17,78.43,0
2469,2025-06-13,1294,EU,DE,app,Sports,1,64.04,37.97,0
2470,2025-06-13,1378,EU,GB,retail,Electronics,1,243.2,216.96,0
2471,2025-06-14,901,APAC,KR,web,Electronics,1,197.49,147.88,0
2472,2025-06-14,1405,EU,FR,app,Books,1,21.52,16.55,0
2473,2025-06-14,728,EU,NL,web,Fashion,2,84.84,49.36,0
2474,2025-06-14,1367,LATAM,CO,web,Grocery,1,26.43,20.89,0
2475,2025-06-14,764,EU,NL,web,Sports,5,272.44,176.89,0
2476,2025-06-14,783,APAC,AU,web,Electronics,2,449.02,360.0,0
2477,2025-06-14,1213,North America,MX,retail,Sports,2,188.67,132.87,0
2478,2025-06-15,210,APAC,KR,app,Fashion,1,56.7,30.35,0
2479,2025-06-15,999,APAC,SG,web,Sports,2,109.95,71.76,0
2480,2025-06-15,1194,North America,US,web,Electronics,2,617.97,466.48,0
2481,2025-06-15,61,APAC,SG,app,Books,5,85.97,62.76,0
2482,2025-06-15,467,EU,IT,partner,Grocery,1,22.74,18.77,0
2483,2025-06-15,1207,North America,CA,retail,Electronics,1,205.29,171.62,0
2484,2025-06-15,549,APAC,KR,app,Sports,4,306.92,187.02,0
2485,2025-06-15,844,APAC,JP,web,Toys,1,32.29,18.17,0
2486,2025-06-16,1128,EU,IT,app,Grocery,1,21.33,17.48,0
2487,2025-06-16,278,APAC,AU,web,Grocery,3,76.64,66.56,0
2488,2025-06-16,153,APAC,AU,web,Fashion,1,48.34,26.62,0
2489,2025-06-16,542,North America,CA,app,Toys,1,42.25,25.59,0
2490,2025-06-16,668,North America,MX,web,Fashion,1,46.54,23.86,0
2491,2025-06-16,924,EU,PL,app,Fashion,1,75.83,43.97,0
2492,2025-06-16,1344,APAC,JP,retail,Electronics,2,461.37,386.36,0
2493,2025-06-16,898,EU,DE,web,Sports,5,347.52,243.43,0
2494,2025-06-16,964,North America,MX,app,Fashion,1,46.83,26.59,0
2495,2025-06-17,923,EU,GB,web,Home,1,99.32,68.33,0
2496,2025-06-17,38,EU,DE,web,Books,1,22.7,17.04,0
2497,2025-06-17,492,LATAM,AR,web,Toys,1,35.89,21.15,0
2498,2025-06-17,425,North America,MX,web,Books,1,21.57,15.79,0
2499,2025-06-17,1442,LATAM,CO,app,Electronics,4,1091.72,869.7,0
2500,2025-06-17,1441,EU,PL,app,Grocery,5,130.94,102.21,0
2501,2025-06-17,762,North America,CA,web,Electronics,1,342.16,299.11,0
2502,2025-06-18,320,APAC,IN,app,Toys,2,68.53,39.76,0
2503,2025-06-18,119,EU,PL,web,Beauty,2,73.24,36.48,0
2504,2025-06-18,811,North America,US,app,Beauty,5,137.18,60.95,0
2505,2025-06-18,1019,North America,US,web,Home,1,75.15,52.85,0
2506,2025-06-18,658,EU,ES,partner,Fashion,1,73.95,41.3,0
2507,2025-06-19,1083,APAC,JP,app,Home,1,67.88,49.11,0
2508,2025-06-19,1493,EU,GB,web,Grocery,2,57.57,45.73,0
2509,2025-06-19,737,North America,MX,web,Toys,2,61.81,33.63,0
2510,2025-06-19,267,North America,US,partner,Beauty,4,168.02,85.74,0
2511,2025-06-19,716,North America,CA,partner,Books,1,19.23,14.96,0
2512,2025-06-19,555,North America,CA,app,Beauty,2,81.55,36.47,0
2513,2025-06-19,1032,APAC,KR,partner,Electronics,4,888.74,709.98,0
2514,2025-06-19,764,EU,NL,app,Beauty,4,176.74,87.54,0
2515,2025-06-19,469,North America,US,app,Books,4,65.06,49.83,0
2516,2025-06-20,119,EU,PL,app,Toys,1,25.31,15.63,0
2517,2025-06-20,185,North America,US,app,Fashion,2,118.53,65.61,0
2518,2025-06-20,887,EU,NL,retail,Fashion,3,188.76,96.06,0
2519,2025-06-20,362,North America,US,web,Sports,1,93.67,66.65,0
2520,2025-06-20,210,APAC,KR,web,Fashion,1,72.39,37.94,0
2521,2025-06-20,1262,APAC,JP,app,Electronics,1,172.85,149.51,0
2522,2025-06-20,1405,EU,FR,web,Grocery,2,52.35,41.22,1
2523,2025-06-20,1477,North America,CA,app,Grocery,4,105.15,94.99,0
2524,2025-06-21,1417,EU,ES,retail,Fashion,1,44.88,27.09,0
2525,2025-06-21,222,North America,CA,web,Home,1,112.75,70.13,1
2526,2025-06-21,677,North America,CA,retail,Sports,3,285.13,179.63,0
2527,2025-06-21,681,EU,IT,retail,Books,2,38.6,27.86,0
2528,2025-06-21,187,APAC,KR,partner,Home,1,69.62,51.46,0
2529,2025-06-21,496,EU,PL,app,Fashion,1,52.69,27.53,0
2530,2025-06-21,1345,APAC,IN,app,Toys,1,37.45,22.57,0
2531,2025-06-21,961,APAC,KR,app,Books,1,13.88,9.3,0
2532,2025-06-21,133,APAC,SG,retail,Books,1,19.59,13.86,0
2533,2025-06-22,1055,EU,ES,app,Sports,4,354.72,230.5,0
2534,2025-06-22,1080,North America,US,retail,Electronics,2,440.05,382.21,0
2535,2025-06-22,1415,APAC,AU,partner,Books,7,127.53,98.67,0
2536,2025-06-22,859,North America,MX,app,Sports,4,322.44,210.32,0
2537,2025-06-22,165,APAC,KR,web,Home,1,74.34,53.4,0
2538,2025-06-22,844,APAC,JP,web,Beauty,1,37.43,16.84,0
2539,2025-06-22,910,EU,IT,retail,Toys,1,28.8,16.64,0
2540,2025-06-22,40,North America,MX,web,Books,1,24.52,19.14,0
2541,2025-06-22,868,EU,ES,retail,Fashion,1,67.72,38.01,0
2542,2025-06-22,276,EU,FR,web,Fashion,1,65.54,34.01,1
2543,2025-06-23,159,EU,DE,retail,Home,1,91.76,64.08,0
2544,2025-06-23,1364,North America,CA,web,Sports,1,55.61,37.37,0
2545,2025-06-23,1490,EU,FR,retail,Books,1,16.93,12.71,0
2546,2025-06-23,17,North America,CA,web,Electronics,1,295.16,247.79,0
2547,2025-06-23,819,EU,DE,app,Electronics,3,508.89,422.2,0
2548,2025-06-23,239,EU,FR,app,Electronics,2,594.9,442.39,0
2549,2025-06-23,1468,APAC,KR,app,Electronics,2,619.9,471.56,0
2550,2025-06-23,508,LATAM,CO,app,Books,5,66.54,44.75,0
2551,2025-06-23,364,EU,PL,web,Home,1,108.43,70.1,0
2552,2025-06-23,202,APAC,IN,retail,Beauty,2,82.57,43.38,0
2553,2025-06-23,1339,APAC,JP,app,Fashion,1,58.52,32.11,0
2554,2025-06-23,133,APAC,SG,web,Sports,1,86.06,61.26,0
2555,2025-06-23,1258,EU,NL,app,Books,1,16.27,12.72,0
2556,2025-06-23,700,EU,IT,retail,Toys,2,66.48,36.73,0
2557,2025-06-24,668,North America,MX,retail,Beauty,6,229.54,101.83,0
2558,2025-06-24,783,APAC,AU,app,Sports,1,50.79,32.31,0
2559,2025-06-24,716,North America,CA,partner,Fashion,1,66.23,36.06,0
2560,2025-06-24,1126,EU,ES,partner,Grocery,1,26.83,20.75,0
2561,2025-06-24,1363,North America,US,app,Fashion,1,60.39,36.26,0
2562,2025-06-24,1180,LATAM,CO,web,Beauty,2,59.68,27.07,0
2563,2025-06-25,1242,APAC,IN,retail,Sports,1,72.63,44.47,1
2564,2025-06-25,360,North America,MX,retail,Grocery,1,27.15,21.88,0
2565,2025-06-25,872,EU,DE,web,Toys,1,33.56,19.44,0
2566,2025-06-25,442,North America,US,web,Beauty,1,33.91,16.4,0
2567,2025-06-25,1130,North America,MX,app,Home,1,107.9,69.27,0
2568,2025-06-25,141,EU,IT,web,Beauty,4,134.87,62.34,0
2569,2025-06-26,305,EU,ES,partner,Fashion,1,55.67,27.7,0
2570,2025-06-26,448,North America,MX,retail,Grocery,1,29.1,25.36,0
2571,2025-06-26,1358,North America,US,web,Beauty,2,54.39,28.07,0
2572,2025-06-26,391,EU,FR,web,Books,1,13.05,8.98,0
2573,2025-06-26,1057,North America,CA,partner,Toys,6,230.56,139.91,0
2574,2025-06-26,599,LATAM,BR,app,Electronics,3,556.57,468.99,0
2575,2025-06-26,1398,APAC,JP,web,Grocery,3,71.69,58.07,0
2576,2025-06-26,197,EU,NL,web,Fashion,1,77.33,43.16,0
2577,2025-06-27,1191,North America,CA,partner,Toys,4,133.14,84.1,0
2578,2025-06-27,1057,North America,CA,web,Sports,4,261.9,175.78,0
2579,2025-06-27,578,EU,IT,web,Toys,1,35.36,21.49,0
2580,2025-06-27,708,North America,CA,retail,Fashion,2,119.92,66.38,1
2581,2025-06-27,535,EU,FR,web,Electronics,2,552.97,411.29,0
2582,2025-06-27,1170,North America,US,web,Sports,1,84.95,50.43,0
2583,2025-06-27,259,EU,PL,retail,Fashion,2,101.46,55.0,0
2584,2025-06-27,142,APAC,KR,app,Books,5,75.64,53.7,0
2585,2025-06-27,246,North America,US,app,Grocery,1,26.25,23.41,0
2586,2025-06-27,1284,North America,US,web,Beauty,1,27.24,13.27,0
2587,2025-06-27,1215,North America,CA,partner,Books,1,15.31,10.7,0
2588,2025-06-27,578,EU,IT,web,Grocery,1,27.15,25.12,0
2589,2025-06-28,1357,APAC,SG,app,Grocery,1,18.8,15.61,0
2590,2025-06-28,1014,EU,DE,retail,Home,4,299.23,208.83,0
2591,2025-06-28,667,North America,CA,app,Home,1,66.56,42.41,0
2592,2025-06-28,809,LATAM,CO,web,Books,4,86.73,56.46,0
2593,2025-06-28,1274,North America,CA,retail,Beauty,1,47.52,21.56,0
2594,2025-06-28,1073,EU,ES,web,Grocery,4,89.28,82.13,0
2595,2025-06-28,944,APAC,IN,partner,Home,4,252.43,165.31,0
2596,2025-06-28,810,North America,MX,app,Fashion,1,60.74,31.33,0
2597,2025-06-29,682,EU,PL,web,Fashion,1,50.37,25.0,1
2598,2025-06-29,914,APAC,KR,app,Toys,2,52.63,29.79,0
2599,2025-06-29,1129,APAC,AU,web,Toys,1,28.85,16.14,1
2600,2025-06-29,119,EU,PL,partner,Sports,1,81.25,50.7,0
2601,2025-06-29,1313,North America,US,web,Toys,2,54.98,31.05,0
2602,2025-06-29,119,EU,PL,app,Electronics,1,283.53,250.64,0
2603,2025-06-29,352,APAC,IN,web,Toys,2,53.76,29.7,0
2604,2025-06-30,287,LATAM,BR,app,Sports,2,108.5,76.11,0
2605,2025-06-30,274,North America,MX,app,Toys,1,24.18,13.22,0
2606,2025-06-30,985,North America,US,app,Electronics,1,295.86,222.41,0
2607,2025-06-30,435,EU,ES,web,Sports,1,83.72,54.97,0
2608,2025-06-30,1459,EU,IT,retail,Grocery,5,157.12,125.49,0
2609,2025-06-30,740,LATAM,BR,partner,Home,1,93.7,58.8,0
2610,2025-06-30,1148,APAC,KR,retail,Toys,1,29.56,18.91,0
2611,2025-06-30,847,North America,CA,partner,Books,1,25.63,18.94,0
2612,2025-06-30,568,North America,US,web,Electronics,1,316.58,233.84,0
2613,2025-07-01,529,North America,MX,app,Electronics,1,319.29,268.19,0
2614,2025-07-01,1325,North America,CA,web,Electronics,4,1121.17,888.75,0
2615,2025-07-01,837,LATAM,CO,partner,Grocery,1,25.14,19.51,0
2616,2025-07-01,1442,LATAM,CO,retail,Beauty,5,176.13,92.31,1
2617,2025-07-01,1221,North America,MX,web,Toys,1,33.51,20.88,0
2618,2025-07-01,971,North America,US,web,Beauty,1,40.41,17.64,0
2619,2025-07-01,1264,North America,US,partner,Home,1,71.23,50.85,0
2620,2025-07-01,542,North America,CA,web,Beauty,1,35.11,18.04,0
2621,2025-07-01,988,APAC,IN,web,Home,4,267.59,181.02,0
2622,2025-07-01,691,EU,FR,web,Sports,4,330.74,199.0,0
2623,2025-07-01,963,APAC,JP,app,Beauty,1,26.05,13.41,0
2624,2025-07-02,1265,EU,FR,partner,Home,3,324.07,200.21,0
2625,2025-07-02,1453,North America,US,app,Sports,1,73.04,44.76,0
2626,2025-07-02,647,North America,US,app,Sports,1,76.24,53.0,0
2627,2025-07-02,415,North America,MX,app,Fashion,6,348.02,192.73,1
2628,2025-07-02,988,APAC,IN,app,Toys,3,102.93,63.99,0
2629,2025-07-02,1361,EU,ES,app,Fashion,3,151.06,78.59,0
2630,2025-07-03,663,EU,FR,web,Electronics,1,213.33,190.94,0
2631,2025-07-03,1151,APAC,SG,app,Books,1,21.74,14.65,0
2632,2025-07-03,245,North America,CA,app,Beauty,1,30.7,14.33,0
2633,2025-07-03,1388,North America,CA,app,Books,3,50.11,39.49,0
2634,2025-07-03,722,APAC,AU,app,Books,2,25.7,16.97,0
2635,2025-07-04,1161,North America,US,web,Home,1,70.68,50.03,0
2636,2025-07-04,36,North America,US,web,Toys,1,29.85,16.7,0
2637,2025-07-04,1131,EU,ES,app,Beauty,1,43.21,20.38,1
2638,2025-07-04,946,EU,ES,web,Beauty,1,42.94,22.24,0
2639,2025-07-04,399,EU,IT,retail,Sports,1,76.32,51.65,0
2640,2025-07-04,592,North America,MX,retail,Toys,1,40.29,23.63,0
2641,2025-07-05,100,EU,FR,app,Beauty,3,128.11,60.12,0
2642,2025-07-05,1096,APAC,AU,retail,Sports,1,84.18,54.66,0
2643,2025-07-05,321,EU,DE,web,Grocery,2,38.45,29.43,0
2644,2025-07-05,980,EU,DE,retail,Books,2,36.78,28.83,0
2645,2025-07-05,324,EU,PL,web,Grocery,1,19.4,17.11,0
2646,2025-07-05,1124,APAC,SG,app,Books,1,13.17,8.75,0
2647,2025-07-05,727,EU,IT,web,Books,1,20.04,13.81,0
2648,2025-07-05,632,APAC,KR,retail,Home,1,62.94,42.45,0
2649,2025-07-06,876,North America,CA,partner,Fashion,1,62.26,31.57,0
2650,2025-07-06,323,North America,US,app,Books,1,14.94,10.38,0
2651,2025-07-06,255,EU,PL,web,Toys,1,24.37,14.71,0
2652,2025-07-06,44,APAC,IN,web,Beauty,4,125.82,58.55,0
2653,2025-07-06,255,EU,PL,partner,Toys,1,21.73,13.62,0
2654,2025-07-06,940,North America,CA,app,Grocery,2,55.95,51.63,0
2655,2025-07-06,472,EU,ES,app,Books,1,15.74,12.14,0
2656,2025-07-06,642,North America,MX,partner,Toys,7,226.17,131.85,0
2657,2025-07-06,601,EU,PL,web,Electronics,1,213.28,165.31,0
2658,2025-07-06,128,North America,MX,app,Beauty,1,32.15,14.54,0
2659,2025-07-06,961,APAC,KR,app,Fashion,1,47.21,23.76,0
2660,2025-07-06,751,LATAM,BR,retail,Home,1,105.16,76.35,0
2661,2025-07-06,779,North America,US,retail,Grocery,2,65.36,59.41,0
2662,2025-07-07,1246,EU,PL,retail,Grocery,1,26.17,20.14,0
2663,2025-07-07,265,EU,NL,app,Toys,2,42.73,27.46,0
2664,2025-07-07,25,North America,CA,app,Toys,1,30.71,17.26,0
2665,2025-07-07,231,EU,ES,web,Electronics,1,195.14,151.12,0
2666,2025-07-07,726,EU,IT,app,Beauty,1,40.73,21.36,0
2667,2025-07-07,448,North America,MX,web,Home,2,161.76,120.91,0
2668,2025-07-07,189,EU,NL,partner,Beauty,5,216.79,110.76,0
2669,2025-07-07,1155,APAC,IN,web,Grocery,1,27.04,21.34,0
2670,2025-07-07,542,North America,CA,web,Grocery,2,64.0,59.08,0
2671,2025-07-08,832,North America,MX,web,Books,1,15.3,10.03,0
2672,2025-07-08,89,North America,US,app,Electronics,4,1197.72,1077.12,0
2673,2025-07-08,173,LATAM,AR,web,Books,5,90.26,62.24,0
2674,2025-07-08,533,EU,PL,retail,Beauty,6,263.12,133.65,0
2675,2025-07-08,515,North America,US,partner,Home,1,78.08,52.06,0
2676,2025-07-08,58,APAC,AU,retail,Beauty,1,44.5,22.55,0
2677,2025-07-09,254,North America,MX,retail,Beauty,4,110.81,48.91,0
2678,2025-07-09,1036,LATAM,BR,app,Sports,1,53.9,37.12,0
2679,2025-07-09,684,North America,MX,web,Beauty,1,46.12,19.96,0
2680,2025-07-09,1131,EU,ES,partner,Fashion,1,77.1,46.5,0
2681,2025-07-09,1016,EU,NL,web,Sports,1,73.37,46.67,0
2682,2025-07-09,117,North America,MX,partner,Toys,4,100.61,58.8,0
2683,2025-07-09,204,LATAM,AR,app,Toys,4,147.69,97.35,0
2684,2025-07-09,310,EU,PL,retail,Grocery,1,27.24,23.56,0
2685,2025-07-09,1462,APAC,IN,retail,Sports,2,141.69,98.2,1
2686,2025-07-09,209,EU,DE,app,Grocery,2,46.99,42.22,0
2687,2025-07-09,1399,LATAM,BR,web,Electronics,4,701.8,617.52,0
2688,2025-07-09,991,EU,IT,retail,Fashion,2,137.06,68.81,1
2689,2025-07-10,1263,North America,US,app,Books,1,22.33,17.3,0
2690,2025-07-10,758,EU,IT,retail,Electronics,1,168.79,147.12,1
2691,2025-07-11,818,North America,MX,web,Grocery,1,29.09,24.92,0
2692,2025-07-11,630,EU,DE,retail,Fashion,1,60.13,32.52,0
2693,2025-07-11,840,LATAM,BR,retail,Fashion,1,50.95,28.88,0
2694,2025-07-11,1161,North America,US,web,Home,3,213.77,145.61,0
2695,2025-07-11,686,North America,CA,partner,Electronics,2,468.34,354.81,0
2696,2025-07-11,440,North America,CA,web,Sports,1,66.05,41.13,0
2697,2025-07-11,731,North America,US,web,Grocery,1,25.18,21.37,0
2698,2025-07-11,197,EU,NL,app,Books,2,31.22,24.22,0
2699,2025-07-11,902,North America,CA,web,Grocery,3,73.5,64.51,0
2700,2025-07-11,1445,North America,CA,retail,Books,2,37.7,29.54,0
2701,2025-07-12,1035,EU,FR,app,Fashion,4,227.29,135.97,0
2702,2025-07-12,1383,North America,US,web,Fashion,1,78.82,44.3,0
2703,2025-07-12,570,EU,PL,app,Fashion,1,64.26,38.48,0
2704,2025-07-12,1344,APAC,JP,web,Sports,2,162.95,95.64,0
2705,2025-07-12,1232,LATAM,AR,retail,Home,1,105.7,69.01,0
2706,2025-07-12,462,APAC,JP,retail,Books,2,25.38,19.07,0
2707,2025-07-12,571,APAC,AU,retail,Toys,1,34.35,20.8,0
2708,2025-07-12,543,EU,ES,web,Fashion,3,129.3,67.56,1
2709,2025-07-12,1283,North America,MX,partner,Beauty,1,35.42,18.46,0
2710,2025-07-12,1211,North America,MX,web,Home,1,69.21,49.06,0
2711,2025-07-12,62,North America,US,app,Books,4,71.09,47.72,0
2712,2025-07-13,1217,LATAM,AR,retail,Home,4,324.05,199.65,0
2713,2025-07-13,1196,EU,GB,web,Grocery,1,29.49,23.02,0
2714,2025-07-13,1445,North America,CA,app,Grocery,3,71.99,59.03,0
2715,2025-07-13,130,APAC,KR,app,Electronics,1,228.0,195.65,0
2716,2025-07-13,1351,North America,US,app,Beauty,1,39.25,19.18,0
2717,2025-07-13,472,EU,ES,partner,Books,1,20.8,14.03,0
2718,2025-07-13,1172,North America,MX,web,Grocery,1,25.17,19.62,0
2719,2025-07-13,1339,APAC,JP,app,Beauty,1,37.52,19.43,0
2720,2025-07-13,6,EU,GB,retail,Home,1,97.06,60.07,0
2721,2025-07-14,835,North America,CA,web,Electronics,1,219.67,187.09,0
2722,2025-07-14,877,EU,IT,retail,Electronics,2,468.68,403.64,0
2723,2025-07-14,313,EU,DE,app,Beauty,4,141.67,65.88,0
2724,2025-07-14,825,EU,ES,retail,Beauty,5,139.68,64.04,0
2725,2025-07-14,309,APAC,JP,web,Toys,4,140.96,79.92,0
2726,2025-07-14,522,North America,MX,web,Books,1,14.94,9.77,0
2727,2025-07-14,1436,North America,US,app,Home,1,100.93,73.95,0
2728,2025-07-14,1149,EU,GB,web,Grocery,1,19.42,17.34,0
2729,2025-07-14,489,EU,PL,app,Electronics,1,174.74,130.77,0
2730,2025-07-15,189,EU,NL,app,Books,4,72.37,48.58,0
2731,2025-07-15,40,North America,MX,retail,Beauty,1,45.6,19.94,0
2732,2025-07-15,924,EU,PL,app,Books,3,50.62,36.56,0
2733,2025-07-15,1299,LATAM,CL,retail,Grocery,1,24.87,21.5,0
2734,2025-07-15,254,North America,MX,app,Grocery,4,80.46,74.97,0
2735,2025-07-15,1106,North America,MX,app,Toys,2,67.63,44.23,0
2736,2025-07-15,587,North America,MX,partner,Toys,1,39.08,23.95,0
2737,2025-07-15,1301,EU,IT,app,Home,4,412.38,305.69,0
2738,2025-07-15,991,EU,IT,web,Electronics,4,1039.43,883.35,0
2739,2025-07-15,855,EU,FR,retail,Beauty,6,249.22,120.96,0
2740,2025-07-15,1258,EU,NL,app,Home,3,288.03,179.31,0
2741,2025-07-16,123,EU,DE,app,Home,2,141.56,88.32,0
2742,2025-07-16,405,LATAM,BR,retail,Toys,5,136.13,87.98,0
2743,2025-07-16,416,LATAM,CO,app,Beauty,1,41.26,19.72,0
2744,2025-07-16,876,North America,CA,retail,Grocery,1,19.95,17.1,0
2745,2025-07-16,1208,APAC,KR,retail,Sports,1,79.41,46.5,0
2746,2025-07-16,1010,APAC,SG,web,Toys,4,117.98,75.31,0
2747,2025-07-16,158,LATAM,CL,app,Electronics,1,184.75,152.52,1
2748,2025-07-16,26,North America,CA,web,Books,1,16.61,12.73,0
2749,2025-07-17,1441,EU,PL,web,Home,4,286.08,178.87,0
2750,2025-07-17,624,North America,CA,web,Fashion,1,85.26,49.8,0
2751,2025-07-17,413,EU,DE,retail,Beauty,1,44.36,23.41,0
2752,2025-07-17,14,North America,MX,web,Books,4,59.59,46.26,0
2753,2025-07-17,633,LATAM,CO,web,Fashion,1,69.06,38.76,1
2754,2025-07-17,299,North America,CA,retail,Toys,1,38.6,20.92,0
2755,2025-07-18,1282,North America,US,web,Electronics,2,468.89,414.18,0
2756,2025-07-18,450,EU,NL,app,Beauty,1,24.55,10.65,0
2757,2025-07-18,498,APAC,AU,retail,Fashion,1,58.98,33.45,0
2758,2025-07-18,1088,APAC,SG,partner,Sports,1,77.51,54.1,0
2759,2025-07-18,686,North America,CA,web,Electronics,1,228.1,192.17,0
2760,2025-07-18,791,North America,CA,web,Beauty,5,197.51,87.1,0
2761,2025-07-18,361,EU,DE,partner,Fashion,1,64.51,35.4,0
2762,2025-07-18,533,EU,PL,web,Books,4,62.65,41.76,0
2763,2025-07-18,929,EU,PL,web,Toys,1,22.85,13.45,0
2764,2025-07-19,1434,North America,MX,app,Home,1,92.62,64.91,0
2765,2025-07-19,1336,North America,MX,web,Fashion,2,143.31,81.01,0
2766,2025-07-19,606,EU,FR,partner,Electronics,4,1142.68,992.39,1
2767,2025-07-19,1091,North America,MX,web,Home,4,412.57,275.22,0
2768,2025-07-19,1489,APAC,IN,web,Books,1,14.64,11.08,0
2769,2025-07-19,793,EU,FR,app,Sports,1,85.38,54.33,0
2770,2025-07-19,725,EU,FR,retail,Electronics,1,215.35,185.76,0
2771,2025-07-19,1251,North America,MX,web,Home,1,80.45,56.21,0
2772,2025-07-19,342,EU,NL,app,Grocery,1,27.83,22.94,0
2773,2025-07-19,1,EU,FR,web,Toys,1,31.8,18.22,0
2774,2025-07-19,740,LATAM,BR,web,Fashion,2,116.02,69.85,0
2775,2025-07-20,19,APAC,IN,app,Toys,5,109.14,62.39,0
2776,2025-07-20,1330,North America,US,retail,Grocery,1,23.27,21.38,0
2777,2025-07-20,27,LATAM,CO,web,Toys,4,146.8,89.33,0
2778,2025-07-20,383,North America,MX,web,Electronics,2,408.78,329.99,0
2779,2025-07-20,1348,APAC,SG,web,Home,1,69.53,42.87,0
2780,2025-07-20,1484,LATAM,CO,retail,Toys,2,53.34,33.16,0
2781,2025-07-20,509,EU,PL,retail,Sports,1,51.38,31.42,0
2782,2025-07-20,830,EU,IT,app,Books,2,25.32,18.69,0
2783,2025-07-21,104,North America,US,app,Toys,1,36.08,20.47,0
2784,2025-07-21,295,North America,US,web,Grocery,1,32.69,25.53,0
2785,2025-07-21,133,APAC,SG,retail,Grocery,2,58.73,47.26,0
2786,2025-07-21,861,EU,ES,web,Electronics,1,272.19,217.13,0
2787,2025-07-21,1447,North America,CA,app,Books,2,47.05,31.44,0
2788,2025-07-21,1200,EU,ES,app,Sports,2,124.22,75.57,0
2789,2025-07-21,15,EU,ES,retail,Toys,5,168.31,106.87,0
2790,2025-07-21,584,North America,CA,retail,Grocery,1,19.93,16.53,0
2791,2025-07-21,736,North America,US,app,Fashion,1,71.26,37.01,0
2792,2025-07-21,595,North America,US,web,Sports,2,190.24,134.69,0
2793,2025-07-22,488,EU,PL,web,Grocery,1,26.68,22.59,0
2794,2025-07-22,946,EU,ES,partner,Sports,2,132.44,86.92,0
2795,2025-07-22,895,EU,GB,web,Grocery,6,115.05,93.71,0
2796,2025-07-22,1100,EU,ES,app,Sports,1,53.79,34.91,1
2797,2025-07-22,840,LATAM,BR,app,Books,1,15.67,12.31,0
2798,2025-07-22,1025,APAC,IN,app,Electronics,3,782.35,608.61,0
2799,2025-07-22,1084,North America,MX,web,Grocery,3,90.84,83.52,0
2800,2025-07-22,1267,APAC,KR,retail,Toys,2,58.15,36.98,0
2801,2025-07-22,1193,LATAM,CO,web,Beauty,1,31.02,14.48,0
2802,2025-07-23,798,North America,US,web,Grocery,1,35.45,27.36,0
2803,2025-07-23,467,EU,IT,retail,Toys,1,37.39,24.32,0
2804,2025-07-23,1435,LATAM,BR,web,Home,1,102.89,67.34,1
2805,2025-07-23,613,LATAM,CO,retail,Home,1,64.01,39.86,0
2806,2025-07-23,1055,EU,ES,app,Home,4,433.8,285.12,0
2807,2025-07-23,1199,APAC,JP,web,Beauty,1,45.0,22.92,0
2808,2025-07-23,958,North America,US,web,Books,1,19.5,14.3,0
2809,2025-07-24,88,EU,IT,web,Home,1,105.7,71.14,0
2810,2025-07-24,459,EU,PL,partner,Books,1,14.64,9.93,0
2811,2025-07-24,455,LATAM,AR,app,Home,4,294.95,183.79,0
2812,2025-07-24,69,APAC,SG,web,Fashion,1,58.48,30.41,0
2813,2025-07-24,1420,North America,CA,retail,Grocery,1,19.41,15.89,0
2814,2025-07-24,746,North America,MX,web,Books,1,14.79,11.31,0
2815,2025-07-24,921,EU,NL,app,Sports,1,86.43,51.26,0
2816,2025-07-24,1161,North America,US,app,Beauty,4,169.39,81.29,0
2817,2025-07-25,977,APAC,JP,app,Beauty,1,27.07,13.72,0
2818,2025-07-25,143,LATAM,CO,web,Grocery,1,18.73,14.83,0
2819,2025-07-25,1458,North America,US,web,Electronics,1,326.86,254.41,0
2820,2025-07-25,871,LATAM,CO,app,Home,1,66.41,44.29,0
2821,2025-07-25,483,North America,MX,partner,Beauty,1,36.5,16.37,0
2822,2025-07-25,308,North America,MX,web,Fashion,3,172.23,101.67,0
2823,2025-07-25,650,North America,CA,web,Beauty,4,160.58,84.31,0
2824,2025-07-25,412,EU,IT,web,Sports,2,168.9,115.15,0
2825,2025-07-25,790,North America,MX,retail,Books,1,19.25,13.02,0
2826,2025-07-25,863,EU,PL,web,Books,3,42.24,32.68,0
2827,2025-07-25,121,APAC,IN,web,Beauty,5,162.28,78.11,0
2828,2025-07-26,1275,North America,MX,web,Toys,1,30.64,18.98,0
2829,2025-07-26,638,North America,CA,app,Fashion,1,74.66,41.29,1
2830,2025-07-26,1490,EU,FR,app,Electronics,2,435.01,367.27,0
2831,2025-07-26,1246,EU,PL,web,Books,1,16.53,12.55,0
2832,2025-07-26,35,North America,US,retail,Home,2,233.1,156.96,0
2833,2025-07-26,1396,EU,DE,retail,Fashion,1,69.27,39.25,0
2834,2025-07-26,198,APAC,AU,web,Fashion,1,72.23,39.13,0
2835,2025-07-26,1107,North America,MX,app,Beauty,4,141.57,63.85,0
2836,2025-07-26,754,North America,US,web,Fashion,1,82.81,44.77,0
2837,2025-07-26,1310,EU,IT,retail,Beauty,1,29.29,13.9,1
2838,2025-07-26,1483,APAC,AU,web,Electronics,1,254.63,209.86,0
2839,2025-07-26,704,North America,MX,web,Beauty,4,110.13,52.6,0
2840,2025-07-26,695,North America,CA,web,Home,1,69.66,51.84,0
2841,2025-07-27,1051,EU,FR,app,Beauty,1,39.21,20.59,0
2842,2025-07-27,1164,North America,CA,app,Toys,1,30.76,18.88,0
2843,2025-07-27,668,North America,MX,web,Electronics,1,292.11,224.82,0
2844,2025-07-27,136,North America,CA,app,Sports,1,55.02,34.81,0
2845,2025-07-27,1054,North America,US,retail,Home,1,95.21,66.52,0
2846,2025-07-27,691,EU,FR,app,Home,5,476.31,326.04,0
2847,2025-07-28,585,EU,PL,web,Beauty,1,43.96,22.35,0
2848,2025-07-28,1308,North America,MX,web,Beauty,1,37.9,16.57,0
2849,2025-07-28,1336,North America,MX,app,Sports,1,76.11,47.9,0
2850,2025-07-28,1213,North America,MX,app,Toys,1,36.43,23.18,0
2851,2025-07-28,426,EU,ES,web,Sports,1,49.58,29.84,0
2852,2025-07-28,1337,EU,ES,app,Sports,4,298.13,209.39,0
2853,2025-07-28,1428,North America,US,partner,Electronics,2,542.74,456.96,0
2854,2025-07-28,239,EU,FR,web,Electronics,1,249.25,198.72,0
2855,2025-07-28,475,LATAM,BR,web,Sports,1,60.89,42.75,0
2856,2025-07-28,812,EU,NL,retail,Fashion,4,277.08,147.57,1
2857,2025-07-29,1104,APAC,SG,app,Beauty,1,32.0,13.99,0
2858,2025-07-29,815,LATAM,AR,retail,Beauty,1,38.98,18.9,0
2859,2025-07-29,1114,LATAM,CL,retail,Electronics,5,866.1,766.26,0
2860,2025-07-29,1019,North America,US,partner,Toys,1,26.59,17.22,0
2861,2025-07-29,1134,North America,MX,web,Sports,4,332.6,217.77,0
2862,2025-07-29,1154,APAC,AU,app,Fashion,4,232.68,125.02,0
2863,2025-07-29,591,EU,ES,partner,Toys,4,146.71,80.55,0
2864,2025-07-29,551,APAC,IN,web,Fashion,1,47.99,24.02,0
2865,2025-07-29,1470,APAC,JP,app,Fashion,2,90.85,48.46,0
2866,2025-07-29,145,EU,FR,web,Sports,1,80.67,55.41,0
2867,2025-07-29,1114,LATAM,CL,web,Sports,8,726.28,452.07,0
2868,2025-07-29,866,APAC,AU,partner,Sports,4,265.08,170.68,0
2869,2025-07-30,1373,LATAM,AR,web,Home,1,100.54,67.85,0
2870,2025-07-30,240,EU,GB,web,Books,1,20.54,15.72,0
2871,2025-07-30,1463,North America,MX,app,Toys,1,42.88,27.33,0
2872,2025-07-30,526,APAC,JP,retail,Home,1,93.94,60.69,0
2873,2025-07-30,887,EU,NL,web,Books,3,53.26,40.34,0
2874,2025-07-30,1404,North America,MX,web,Beauty,2,99.03,50.92,0
2875,2025-07-30,1413,EU,DE,app,Sports,2,168.22,101.54,0
2876,2025-07-30,1410,EU,IT,web,Home,1,72.73,53.79,0
2877,2025-07-30,1094,North America,MX,web,Fashion,1,78.51,40.21,0
2878,2025-07-30,840,LATAM,BR,web,Electronics,2,615.14,536.1,0
2879,2025-07-31,319,EU,IT,retail,Home,4,261.83,195.78,0
2880,2025-07-31,177,EU,GB,retail,Electronics,4,696.7,606.96,0
2881,2025-07-31,540,North America,US,web,Toys,2,53.81,29.81,0
2882,2025-07-31,531,EU,FR,web,Grocery,2,52.89,45.51,0
2883,2025-07-31,34,North America,US,web,Fashion,1,51.98,27.09,1
2884,2025-07-31,863,EU,PL,app,Home,2,125.76,83.38,0
2885,2025-07-31,964,North America,MX,retail,Fashion,3,182.41,93.08,1
2886,2025-07-31,386,LATAM,CO,web,Sports,4,275.73,190.03,0
2887,2025-07-31,352,APAC,IN,retail,Toys,1,33.88,19.18,0
2888,2025-07-31,927,LATAM,AR,partner,Fashion,4,283.0,168.12,0
2889,2025-07-31,498,APAC,AU,app,Fashion,1,48.08,26.43,0
2890,2025-08-01,1082,North America,CA,app,Books,4,80.92,53.44,0
2891,2025-08-01,277,North America,CA,app,Fashion,1,48.91,24.31,0
2892,2025-08-01,1395,North America,MX,app,Toys,2,75.19,43.82,0
2893,2025-08-01,1414,North America,MX,partner,Home,1,100.1,73.31,0
2894,2025-08-01,189,EU,NL,web,Sports,5,297.37,209.24,0
2895,2025-08-01,374,North America,CA,web,Beauty,5,166.67,79.06,0
2896,2025-08-01,557,North America,MX,app,Beauty,1,39.49,18.6,0
2897,2025-08-01,417,North America,MX,web,Beauty,2,74.71,33.39,0
2898,2025-08-02,1199,APAC,JP,web,Electronics,1,194.88,146.7,0
2899,2025-08-02,1299,LATAM,CL,retail,Grocery,1,28.32,23.22,0
2900,2025-08-02,174,EU,IT,app,Grocery,1,22.07,18.49,0
2901,2025-08-02,222,North America,CA,web,Electronics,1,281.03,211.57,0
2902,2025-08-02,1030,LATAM,AR,app,Grocery,1,18.36,16.44,0
2903,2025-08-02,783,APAC,AU,retail,Sports,1,76.54,47.88,0
2904,2025-08-02,506,North America,CA,web,Grocery,4,132.13,109.63,0
2905,2025-08-02,925,EU,PL,web,Electronics,2,453.77,364.79,0
2906,2025-08-02,510,LATAM,BR,retail,Sports,3,191.78,118.23,0
2907,2025-08-02,1253,EU,ES,retail,Books,1,19.91,14.49,0
2908,2025-08-02,991,EU,IT,retail,Sports,2,133.81,79.62,0
2909,2025-08-03,1305,APAC,KR,retail,Home,1,66.73,45.34,0
2910,2025-08-03,845,North America,MX,app,Sports,1,72.56,48.36,0
2911,2025-08-03,351,North America,US,app,Home,4,442.96,284.66,0
2912,2025-08-03,1221,North America,MX,web,Electronics,3,725.21,536.99,0
2913,2025-08-03,1067,North America,MX,app,Home,1,74.7,50.39,1
2914,2025-08-03,538,North America,CA,retail,Books,1,24.39,16.61,0
2915,2025-08-03,1083,APAC,JP,web,Grocery,1,30.68,28.27,0
2916,2025-08-03,914,APAC,KR,web,Grocery,2,56.83,51.25,0
2917,2025-08-03,145,EU,FR,app,Toys,1,34.83,19.8,0
2918,2025-08-03,187,APAC,KR,web,Home,1,92.54,65.92,0
2919,2025-08-03,1245,EU,GB,app,Grocery,4,77.82,69.99,0
2920,2025-08-03,540,North America,US,retail,Home,2,214.76,151.27,0
2921,2025-08-04,731,North America,US,app,Electronics,1,260.13,222.9,0
2922,2025-08-04,269,EU,PL,partner,Grocery,1,26.39,21.13,0
2923,2025-08-04,1345,APAC,IN,web,Beauty,2,70.28,34.22,0
2924,2025-08-04,479,LATAM,CL,web,Beauty,1,27.54,14.45,0
2925,2025-08-04,116,EU,IT,retail,Toys,4,97.16,61.66,0
2926,2025-08-04,209,EU,DE,web,Beauty,2,64.88,31.36,0
2927,2025-08-04,26,North America,CA,retail,Sports,2,192.43,112.96,0
2928,2025-08-04,273,North America,CA,web,Fashion,2,163.66,90.01,0
2929,2025-08-04,47,LATAM,CO,app,Sports,1,69.55,49.39,0
2930,2025-08-04,1221,North America,MX,app,Books,2,50.66,37.51,0
2931,2025-08-05,19,APAC,IN,app,Sports,4,268.0,160.41,0
2932,2025-08-05,1287,North America,CA,app,Electronics,1,243.94,193.56,0
2933,2025-08-05,985,North America,US,web,Books,3,68.16,52.16,0
2934,2025-08-05,711,LATAM,CO,web,Toys,1,22.92,13.51,0
2935,2025-08-05,627,North America,MX,web,Beauty,1,43.9,20.59,0
2936,2025-08-05,671,North America,CA,app,Beauty,4,129.72,61.11,0
2937,2025-08-05,1487,APAC,JP,retail,Grocery,1,24.52,20.31,0
2938,2025-08-05,1420,North America,CA,app,Toys,1,31.23,18.4,0
2939,2025-08-05,31,APAC,AU,partner,Toys,1,31.21,19.86,0
2940,2025-08-06,2,EU,FR,partner,Fashion,2,109.16,57.62,0
2941,2025-08-06,455,LATAM,AR,retail,Toys,4,128.14,81.38,0
2942,2025-08-06,174,EU,IT,partner,Sports,2,126.17,81.11,0
2943,2025-08-06,1312,EU,IT,app,Electronics,5,845.64,756.14,0
2944,2025-08-06,151,North America,MX,app,Electronics,3,765.15,581.54,0
2945,2025-08-06,296,LATAM,CL,app,Electronics,1,233.12,186.05,0
2946,2025-08-06,815,LATAM,AR,web,Fashion,1,63.77,34.02,1
2947,2025-08-06,1164,North America,CA,web,Books,1,24.48,17.08,0
2948,2025-08-07,926,APAC,IN,app,Sports,1,57.18,36.48,0
2949,2025-08-07,1164,North America,CA,web,Grocery,2,54.56,49.53,0
2950,2025-08-07,1365,EU,ES,partner,Home,2,190.16,118.26,0
2951,2025-08-07,82,EU,GB,web,Home,1,69.91,47.44,0
2952,2025-08-07,395,North America,MX,app,Toys,4,115.84,74.79,0
2953,2025-08-07,450,EU,NL,retail,Fashion,1,58.23,32.39,0
2954,2025-08-07,282,North America,MX,app,Beauty,1,47.37,24.34,0
2955,2025-08-07,714,EU,GB,web,Home,1,83.38,52.42,0
2956,2025-08-07,1482,LATAM,CO,web,Toys,1,28.08,16.27,0
2957,2025-08-08,642,North America,MX,web,Grocery,4,125.48,114.0,0
2958,2025-08-08,1036,LATAM,BR,app,Home,1,91.91,56.72,0
2959,2025-08-08,876,North America,CA,retail,Toys,1,36.67,20.14,0
2960,2025-08-08,233,North America,CA,app,Home,4,321.64,231.05,0
2961,2025-08-08,307,North America,MX,app,Fashion,2,102.6,51.49,0
2962,2025-08-08,854,APAC,AU,web,Books,4,62.75,42.81,0
2963,2025-08-08,1271,EU,ES,web,Sports,1,83.76,56.76,0
2964,2025-08-08,1487,APAC,JP,app,Grocery,1,22.26,18.85,0
2965,2025-08-08,1,EU,FR,app,Electronics,1,171.55,151.86,0
2966,2025-08-08,1432,LATAM,CL,web,Books,1,18.44,13.83,0
2967,2025-08-08,1178,North America,US,app,Fashion,4,209.72,107.43,0
2968,2025-08-09,1217,LATAM,AR,app,Grocery,1,24.5,20.5,0
2969,2025-08-09,297,North America,CA,app,Toys,2,61.28,34.19,0
2970,2025-08-09,1354,EU,PL,web,Toys,1,30.17,19.83,0
2971,2025-08-09,1286,APAC,JP,app,Toys,1,36.21,23.05,0
2972,2025-08-09,1139,EU,GB,app,Electronics,2,590.32,500.09,0
2973,2025-08-09,474,EU,PL,web,Home,1,98.18,70.36,0
2974,2025-08-09,188,APAC,AU,app,Books,2,42.89,33.64,0
2975,2025-08-09,142,APAC,KR,retail,Grocery,4,83.66,76.21,0
2976,2025-08-09,887,EU,NL,web,Electronics,1,248.81,218.56,0
2977,2025-08-09,1378,EU,GB,web,Toys,1,25.11,16.03,0
2978,2025-08-09,988,APAC,IN,app,Toys,1,27.37,17.77,0
2979,2025-08-09,1492,North America,US,retail,Grocery,4,96.05,89.78,0
2980,2025-08-10,777,EU,IT,web,Home,1,95.14,68.22,0
2981,2025-08-10,60,APAC,SG,web,Electronics,4,761.9,669.6,0
2982,2025-08-10,869,North America,US,web,Grocery,2,41.63,38.31,0
2983,2025-08-10,202,APAC,IN,app,Beauty,1,27.73,12.37,0
2984,2025-08-10,1291,APAC,SG,retail,Books,2,25.64,18.59,0
2985,2025-08-10,313,EU,DE,app,Grocery,4,110.32,95.98,0
2986,2025-08-10,758,EU,IT,web,Beauty,1,25.8,11.35,0
2987,2025-08-10,337,EU,DE,retail,Electronics,2,474.02,418.99,0
2988,2025-08-10,1249,North America,US,web,Electronics,1,312.95,278.17,0
2989,2025-08-10,1388,North America,CA,retail,Home,1,96.68,65.74,0
2990,2025-08-10,966,EU,ES,retail,Grocery,1,20.87,19.3,0
2991,2025-08-11,859,North America,MX,web,Books,4,87.85,58.89,0
2992,2025-08-11,624,North America,CA,web,Fashion,1,52.34,31.07,0
2993,2025-08-11,336,APAC,IN,web,Home,4,291.94,197.95,0
2994,2025-08-11,758,EU,IT,web,Sports,2,146.91,104.85,0
2995,2025-08-11,43,North America,US,retail,Grocery,1,26.12,23.93,0
2996,2025-08-11,802,North America,MX,app,Fashion,4,270.09,141.09,0
2997,2025-08-11,62,North America,US,app,Books,6,111.92,82.47,0
2998,2025-08-11,575,North America,US,web,Fashion,4,246.48,148.48,0
2999,2025-08-11,1059,North America,MX,web,Home,1,81.67,60.17,0
3000,2025-08-11,1486,EU,PL,web,Sports,2,119.07,77.92,0
3001,2025-08-11,1495,North America,US,partner,Grocery,2,54.67,46.28,0
3002,2025-08-11,1149,EU,GB,web,Home,1,86.76,64.13,0
3003,2025-08-12,718,EU,FR,web,Books,1,15.02,11.86,0
3004,2025-08-12,173,LATAM,AR,partner,Beauty,4,154.53,69.46,1
3005,2025-08-12,954,North America,US,web,Beauty,4,129.55,60.24,0
3006,2025-08-12,33,APAC,JP,web,Toys,7,252.09,149.59,0
3007,2025-08-12,1414,North America,MX,web,Home,1,91.6,63.06,0
3008,2025-08-12,404,APAC,IN,app,Home,1,108.69,80.62,0
3009,2025-08-12,652,EU,FR,web,Fashion,1,73.49,41.71,1
3010,2025-08-13,711,LATAM,CO,web,Beauty,1,27.09,12.11,0
3011,2025-08-13,174,EU,IT,retail,Grocery,1,22.09,16.98,0
3012,2025-08-13,709,North America,US,partner,Sports,3,275.85,169.75,0
3013,2025-08-13,861,EU,ES,app,Electronics,2,592.09,462.17,0
3014,2025-08-13,1087,APAC,IN,web,Toys,7,271.82,167.75,0
3015,2025-08-13,305,EU,ES,retail,Home,1,67.06,41.55,0
3016,2025-08-13,993,North America,CA,app,Fashion,1,55.29,30.81,0
3017,2025-08-13,179,APAC,SG,web,Toys,1,30.06,17.15,0
3018,2025-08-13,1095,EU,GB,web,Sports,1,62.23,43.98,0
3019,2025-08-14,739,APAC,JP,retail,Books,1,19.3,13.21,0
3020,2025-08-14,1394,EU,DE,app,Toys,1,25.74,16.68,0
3021,2025-08-14,1028,North America,CA,web,Toys,2,83.79,49.63,0
3022,2025-08-14,926,APAC,IN,web,Home,1,108.62,76.82,0
3023,2025-08-14,610,North America,MX,web,Grocery,1,30.68,27.55,0
3024,2025-08-14,942,EU,ES,partner,Books,1,13.11,9.92,0
3025,2025-08-15,162,EU,NL,web,Home,1,103.12,66.29,0
3026,2025-08-15,957,EU,PL,web,Electronics,1,268.52,237.96,0
3027,2025-08-15,1450,EU,DE,web,Grocery,6,124.38,109.25,0
3028,2025-08-15,453,EU,GB,retail,Fashion,2,150.67,88.42,1
3029,2025-08-15,1433,EU,GB,web,Grocery,2,48.68,39.45,0
3030,2025-08-15,238,EU,NL,app,Electronics,6,1107.14,990.53,0
3031,2025-08-15,42,APAC,IN,retail,Electronics,1,289.76,234.56,1
3032,2025-08-15,712,EU,FR,retail,Sports,4,270.53,169.0,0
3033,2025-08-16,1103,EU,GB,app,Books,1,14.71,10.7,0
3034,2025-08-16,1298,APAC,AU,web,Grocery,1,29.82,23.03,0
3035,2025-08-16,784,LATAM,CL,partner,Sports,1,50.26,34.1,0
3036,2025-08-16,55,North America,CA,app,Grocery,1,32.7,26.77,0
3037,2025-08-16,109,North America,CA,app,Home,1,121.46,80.42,0
3038,2025-08-16,86,EU,DE,app,Books,4,83.18,60.19,0
3039,2025-08-16,1339,APAC,JP,web,Beauty,1,39.96,20.45,0
3040,2025-08-16,381,North America,US,web,Home,1,91.62,65.94,0
3041,2025-08-16,1197,EU,NL,app,Beauty,1,42.29,22.15,0
3042,2025-08-16,1495,North America,US,web,Beauty,1,34.43,16.62,0
3043,2025-08-16,1190,North America,CA,web,Sports,4,334.77,216.55,0
3044,2025-08-17,348,EU,NL,app,Books,1,18.09,11.74,0
3045,2025-08-17,484,EU,DE,app,Grocery,1,30.87,24.85,0
3046,2025-08-17,985,North America,US,app,Books,1,21.07,14.23,0
3047,2025-08-17,106,EU,GB,web,Toys,2,69.3,40.61,0
3048,2025-08-17,981,APAC,KR,retail,Toys,1,25.55,16.06,0
3049,2025-08-17,627,North America,MX,web,Sports,1,63.9,38.94,0
3050,2025-08-17,682,EU,PL,web,Grocery,2,60.19,46.39,0
3051,2025-08-17,618,North America,CA,app,Books,4,69.51,49.66,0
3052,2025-08-17,145,EU,FR,app,Sports,2,169.29,109.25,0
3053,2025-08-17,144,EU,GB,app,Home,4,337.98,234.73,0
3054,2025-08-17,1496,EU,PL,retail,Home,2,130.73,89.15,0
3055,2025-08-18,1262,APAC,JP,web,Electronics,1,202.67,153.5,0
3056,2025-08-18,1351,North America,US,partner,Electronics,1,296.26,232.77,0
3057,2025-08-18,1461,LATAM,CO,app,Home,4,239.74,167.44,0
3058,2025-08-18,228,North America,US,app,Sports,2,193.3,133.1,0
3059,2025-08-18,110,North America,MX,web,Books,4,64.57,46.86,0
3060,2025-08-18,1272,North America,US,partner,Toys,2,71.96,42.88,0
3061,2025-08-18,1420,North America,CA,retail,Toys,2,49.42,31.94,0
3062,2025-08-18,509,EU,PL,app,Books,2,30.43,23.23,0
3063,2025-08-18,251,APAC,SG,partner,Electronics,2,579.66,444.69,0
3064,2025-08-18,1233,EU,PL,web,Grocery,1,30.54,23.36,0
3065,2025-08-19,190,North America,CA,partner,Home,1,69.31,43.97,0
3066,2025-08-19,1281,EU,GB,web,Toys,1,28.02,16.13,0
3067,2025-08-19,1112,APAC,IN,app,Toys,1,29.63,18.52,0
3068,2025-08-19,1489,APAC,IN,retail,Sports,1,88.69,55.55,0
3069,2025-08-19,101,APAC,AU,app,Sports,4,288.67,172.17,0
3070,2025-08-19,1348,APAC,SG,partner,Beauty,1,33.28,17.29,0
3071,2025-08-19,268,LATAM,AR,web,Home,1,87.05,54.42,0
3072,2025-08-19,741,North America,MX,web,Electronics,1,203.91,166.16,0
3073,2025-08-19,1051,EU,FR,retail,Books,1,21.1,15.29,0
3074,2025-08-20,1188,APAC,KR,app,Fashion,1,76.77,43.16,0
3075,2025-08-20,671,North America,CA,web,Toys,4,115.86,71.61,0
3076,2025-08-20,910,EU,IT,retail,Toys,1,25.4,14.09,0
3077,2025-08-20,1420,North America,CA,web,Sports,1,91.04,53.52,0
3078,2025-08-20,544,LATAM,BR,partner,Fashion,1,42.3,21.98,0
3079,2025-08-20,547,APAC,KR,web,Grocery,1,30.7,25.78,0
3080,2025-08-20,69,APAC,SG,app,Books,1,16.04,11.6,0
3081,2025-08-20,1358,North America,US,web,Sports,1,79.88,49.23,0
3082,2025-08-21,686,North America,CA,web,Electronics,2,486.55,424.95,0
3083,2025-08-21,354,EU,PL,web,Home,1,71.44,47.9,0
3084,2025-08-21,739,APAC,JP,web,Beauty,1,28.49,12.38,0
3085,2025-08-21,847,North America,CA,app,Grocery,1,25.07,21.94,0
3086,2025-08-21,145,EU,FR,partner,Sports,1,58.59,36.63,0
3087,2025-08-21,943,North America,MX,retail,Sports,1,89.12,52.2,0
3088,2025-08-21,1485,LATAM,CO,app,Books,1,21.36,14.78,0
3089,2025-08-21,323,North America,US,app,Grocery,1,33.85,30.66,0
3090,2025-08-21,801,EU,NL,web,Sports,1,86.01,52.15,0
3091,2025-08-22,1100,EU,ES,app,Toys,1,38.23,23.51,0
3092,2025-08-22,1041,EU,IT,web,Sports,1,80.4,51.93,0
3093,2025-08-22,861,EU,ES,app,Beauty,1,39.64,17.62,0
3094,2025-08-22,780,EU,NL,web,Grocery,2,64.88,58.16,0
3095,2025-08-22,430,North America,MX,web,Sports,1,89.1,58.3,0
3096,2025-08-22,863,EU,PL,web,Books,1,14.04,9.36,0
3097,2025-08-22,363,EU,ES,web,Electronics,1,238.52,176.53,0
3098,2025-08-22,1445,North America,CA,app,Electronics,1,241.74,212.68,0
3099,2025-08-22,820,North America,CA,partner,Home,1,83.98,58.27,1
3100,2025-08-22,1070,APAC,AU,web,Electronics,1,293.61,217.25,0
3101,2025-08-22,334,APAC,KR,retail,Books,3,39.39,28.19,0
3102,2025-08-23,251,APAC,SG,web,Home,2,154.22,107.27,0
3103,2025-08-23,508,LATAM,CO,app,Home,4,361.26,227.16,0
3104,2025-08-23,1139,EU,GB,partner,Books,1,13.39,9.35,0
3105,2025-08-23,1291,APAC,SG,web,Fashion,2,135.17,72.26,0
3106,2025-08-23,1254,EU,DE,web,Toys,2,60.08,37.31,0
3107,2025-08-23,610,North America,MX,web,Electronics,1,235.83,186.48,0
3108,2025-08-23,942,EU,ES,app,Home,1,103.36,66.79,0
3109,2025-08-23,539,North America,MX,web,Sports,1,76.15,44.61,0
3110,2025-08-23,585,EU,PL,partner,Fashion,2,133.66,75.32,0
3111,2025-08-24,672,North America,CA,web,Home,2,154.39,102.34,0
3112,2025-08-24,1068,LATAM,CL,web,Home,2,125.63,81.56,0
3113,2025-08-24,1154,APAC,AU,web,Electronics,4,983.14,817.0,0
3114,2025-08-24,1281,EU,GB,web,Books,5,91.53,64.3,0
3115,2025-08-24,480,EU,IT,app,Fashion,2,126.91,66.86,0
3116,2025-08-24,1416,North America,US,web,Books,1,21.88,15.08,0
3117,2025-08-24,688,North America,US,app,Books,1,23.6,18.14,0
3118,2025-08-24,330,North America,CA,web,Sports,2,199.35,129.36,0
3119,2025-08-24,371,EU,IT,web,Electronics,1,271.45,202.47,0
3120,2025-08-24,1496,EU,PL,retail,Grocery,1,28.68,23.7,0
3121,2025-08-25,621,North America,CA,retail,Beauty,1,29.47,14.16,0
3122,2025-08-25,214,EU,DE,web,Beauty,1,40.49,18.6,0
3123,2025-08-25,52,EU,NL,app,Fashion,1,68.18,39.66,0
3124,2025-08-25,1063,North America,US,web,Toys,4,149.69,87.78,0
3125,2025-08-25,1460,North America,MX,partner,Grocery,1,23.75,18.63,0
3126,2025-08-25,1500,APAC,IN,web,Grocery,5,146.44,124.27,0
3127,2025-08-25,1412,North America,CA,app,Home,1,95.28,58.84,0
3128,2025-08-25,1079,North America,US,app,Home,2,220.24,148.58,0
3129,2025-08-25,1095,EU,GB,web,Books,1,18.52,12.99,0
3130,2025-08-25,587,North America,MX,app,Sports,2,140.87,89.9,0
3131,2025-08-25,142,APAC,KR,web,Electronics,5,1156.48,881.24,0
3132,2025-08-26,188,APAC,AU,app,Books,1,21.48,16.48,0
3133,2025-08-26,1020,EU,IT,web,Books,4,66.75,49.57,0
3134,2025-08-26,977,APAC,JP,web,Sports,1,64.86,41.97,0
3135,2025-08-26,569,EU,GB,web,Home,4,334.52,236.59,0
3136,2025-08-26,1178,North America,US,partner,Grocery,4,119.67,108.3,0
3137,2025-08-26,734,LATAM,CL,app,Electronics,2,402.25,362.76,0
3138,2025-08-26,810,North America,MX,app,Toys,2,50.26,30.11,0
3139,2025-08-26,500,North America,MX,app,Home,6,665.73,414.77,0
3140,2025-08-26,1393,LATAM,CO,app,Fashion,1,63.63,35.3,0
3141,2025-08-26,155,North America,MX,partner,Books,2,34.81,26.26,0
3142,2025-08-27,1243,APAC,SG,app,Books,1,15.16,11.47,0
3143,2025-08-27,707,North America,US,web,Fashion,1,75.68,39.04,0
3144,2025-08-27,1039,North America,US,web,Home,1,89.53,65.36,0
3145,2025-08-27,531,EU,FR,retail,Home,1,69.07,50.04,0
3146,2025-08-27,1344,APAC,JP,partner,Home,1,101.1,71.77,0
3147,2025-08-27,875,North America,US,web,Toys,4,146.87,83.31,0
3148,2025-08-27,122,North America,US,app,Beauty,4,159.96,78.48,0
3149,2025-08-27,518,North America,MX,web,Books,6,147.61,114.94,0
3150,2025-08-27,661,North America,MX,web,Books,2,48.58,37.44,0
3151,2025-08-28,1387,EU,DE,partner,Sports,1,70.59,49.29,0
3152,2025-08-28,96,North America,MX,web,Toys,4,151.89,83.58,0
3153,2025-08-28,619,APAC,AU,app,Home,1,109.3,72.57,0
3154,2025-08-28,1423,EU,GB,retail,Fashion,4,242.27,127.73,0
3155,2025-08-28,1414,North America,MX,web,Beauty,2,73.27,37.66,0
3156,2025-08-28,196,LATAM,CL,retail,Beauty,1,38.42,17.45,0
3157,2025-08-28,684,North America,MX,partner,Toys,1,24.68,14.53,0
3158,2025-08-28,1025,APAC,IN,app,Books,1,14.75,10.67,0
3159,2025-08-28,1385,North America,MX,web,Fashion,5,232.81,132.93,0
3160,2025-08-28,53,North America,MX,web,Home,1,99.33,65.54,0
3161,2025-08-29,1074,EU,IT,app,Books,1,19.56,14.82,0
3162,2025-08-29,377,North America,CA,web,Books,1,16.09,12.13,0
3163,2025-08-29,1386,EU,IT,retail,Electronics,5,1121.07,878.4,0
3164,2025-08-29,906,LATAM,AR,app,Home,1,85.08,60.97,0
3165,2025-08-29,1228,North America,CA,partner,Toys,2,72.65,42.44,0
3166,2025-08-29,524,EU,ES,retail,Sports,1,52.57,34.96,0
3167,2025-08-29,1146,North America,MX,retail,Beauty,1,30.62,14.55,0
3168,2025-08-29,378,EU,NL,web,Sports,1,76.56,50.03,0
3169,2025-08-29,868,EU,ES,app,Toys,2,62.82,36.79,0
3170,2025-08-30,1170,North America,US,web,Books,2,34.68,25.29,0
3171,2025-08-30,29,North America,MX,retail,Grocery,1,34.29,28.42,0
3172,2025-08-30,715,EU,NL,web,Home,4,371.12,254.39,1
3173,2025-08-30,659,EU,NL,app,Toys,1,33.87,18.83,0
3174,2025-08-30,1080,North America,US,web,Electronics,2,457.14,341.72,0
3175,2025-08-30,866,APAC,AU,app,Fashion,4,256.38,143.71,0
3176,2025-08-30,141,EU,IT,web,Sports,5,408.08,240.81,0
3177,2025-08-30,663,EU,FR,retail,Sports,2,164.14,103.34,0
3178,2025-08-30,1047,EU,GB,partner,Electronics,4,717.31,593.37,0
3179,2025-08-30,843,APAC,KR,retail,Grocery,4,81.76,69.01,0
3180,2025-08-30,618,North America,CA,retail,Toys,4,120.1,77.7,0
3181,2025-08-31,810,North America,MX,app,Electronics,1,342.18,267.49,0
3182,2025-08-31,411,APAC,JP,web,Electronics,1,284.45,212.6,0
3183,2025-08-31,1065,North America,CA,app,Toys,1,32.07,18.73,0
3184,2025-08-31,124,LATAM,CL,partner,Toys,1,34.27,21.23,0
3185,2025-08-31,247,North America,US,app,Toys,2,66.2,39.8,0
3186,2025-08-31,176,North America,CA,partner,Books,1,24.11,18.7,0
3187,2025-08-31,578,EU,IT,web,Toys,1,27.54,15.86,0
3188,2025-08-31,390,EU,FR,app,Books,2,42.14,28.41,0
3189,2025-08-31,3,EU,ES,app,Electronics,1,278.66,230.78,0
3190,2025-08-31,49,APAC,SG,retail,Fashion,4,179.3,104.04,1
3191,2025-08-31,759,North America,CA,web,Electronics,1,311.33,232.82,0
3192,2025-09-01,1411,EU,IT,web,Grocery,1,31.72,27.85,0
3193,2025-09-01,905,EU,ES,app,Beauty,2,54.72,27.87,0
3194,2025-09-01,477,EU,FR,web,Toys,1,26.4,15.89,0
3195,2025-09-01,1101,EU,GB,web,Beauty,1,31.88,13.99,0
3196,2025-09-01,1293,EU,PL,retail,Books,1,22.15,16.27,0
3197,2025-09-01,992,APAC,AU,app,Toys,1,38.33,24.82,0
3198,2025-09-01,165,APAC,KR,app,Electronics,1,226.37,198.05,0
3199,2025-09-01,1076,North America,US,retail,Sports,1,98.42,68.44,0
3200,2025-09-01,1049,EU,ES,web,Books,1,18.56,14.56,0
3201,2025-09-01,713,EU,IT,app,Home,2,131.78,82.65,0
3202,2025-09-01,74,APAC,AU,app,Beauty,1,40.11,20.95,0
3203,2025-09-02,375,EU,DE,web,Fashion,2,126.98,63.32,0
3204,2025-09-02,1232,LATAM,AR,web,Toys,1,38.33,23.96,0
3205,2025-09-02,695,North America,CA,web,Toys,2,63.69,38.27,0
3206,2025-09-02,45,EU,ES,web,Beauty,2,55.7,25.84,0
3207,2025-09-02,1332,North America,MX,partner,Fashion,1,46.85,23.99,0
3208,2025-09-02,56,EU,ES,retail,Beauty,3,77.39,35.47,0
3209,2025-09-02,130,APAC,KR,web,Toys,1,37.47,24.13,0
3210,2025-09-02,1245,EU,GB,web,Home,4,274.47,168.51,0
3211,2025-09-02,1074,EU,IT,web,Sports,1,78.8,54.57,0
3212,2025-09-03,1390,North America,US,partner,Grocery,1,28.01,23.32,0
3213,2025-09-03,382,North America,CA,partner,Beauty,1,34.54,16.89,0
3214,2025-09-03,309,APAC,JP,retail,Toys,4,117.06,70.1,0
3215,2025-09-03,822,EU,FR,web,Toys,1,24.07,13.57,0
3216,2025-09-03,542,North America,CA,web,Home,1,92.54,66.68,0
3217,2025-09-03,701,EU,DE,retail,Sports,4,345.74,226.19,0
3218,2025-09-03,846,North America,US,app,Grocery,1,33.12,30.31,0
3219,2025-09-03,1072,EU,IT,app,Sports,2,147.4,86.92,0
3220,2025-09-03,1120,North America,US,web,Home,4,445.89,298.49,0
3221,2025-09-03,705,EU,FR,app,Electronics,2,617.91,461.11,0
3222,2025-09-03,1476,EU,ES,web,Toys,2,71.65,44.71,0
3223,2025-09-03,674,EU,GB,retail,Grocery,1,31.68,24.59,0
3224,2025-09-04,1362,North America,CA,app,Books,1,16.27,10.96,0
3225,2025-09-04,692,EU,PL,web,Beauty,1,40.31,18.44,0
3226,2025-09-04,1023,EU,GB,retail,Beauty,6,176.61,80.39,0
3227,2025-09-04,912,North America,US,partner,Sports,2,116.09,77.15,0
3228,2025-09-04,83,EU,IT,app,Fashion,2,131.34,75.44,0
3229,2025-09-04,791,North America,CA,web,Grocery,4,113.0,99.56,0
3230,2025-09-04,521,North America,CA,retail,Fashion,5,232.23,118.07,0
3231,2025-09-04,1214,EU,PL,app,Grocery,1,19.71,15.18,0
3232,2025-09-04,1488,North America,CA,app,Books,2,49.93,38.18,0
3233,2025-09-05,1078,LATAM,CL,web,Home,1,91.2,63.5,0
3234,2025-09-05,529,North America,MX,web,Electronics,2,412.5,316.44,0
3235,2025-09-05,1065,North America,CA,web,Sports,1,57.91,40.21,0
3236,2025-09-05,468,North America,MX,retail,Books,1,20.27,14.11,0
3237,2025-09-05,1251,North America,MX,app,Home,1,84.71,53.05,0
3238,2025-09-05,545,EU,FR,web,Fashion,1,61.41,34.06,1
3239,2025-09-05,95,APAC,JP,retail,Toys,2,51.88,28.7,0
3240,2025-09-06,738,APAC,AU,web,Fashion,1,55.12,31.42,0
3241,2025-09-06,396,LATAM,CL,web,Electronics,1,271.06,227.66,0
3242,2025-09-06,1425,LATAM,BR,retail,Beauty,1,25.45,13.27,0
3243,2025-09-06,853,EU,NL,partner,Grocery,4,117.15,96.97,0
3244,2025-09-06,474,EU,PL,retail,Grocery,1,25.25,20.43,0
3245,2025-09-06,442,North America,US,web,Fashion,1,61.08,30.84,0
3246,2025-09-06,1133,LATAM,AR,app,Fashion,1,54.69,32.22,0
3247,2025-09-06,403,EU,FR,partner,Sports,1,79.1,49.87,0
3248,2025-09-06,1401,North America,MX,partner,Sports,1,68.04,43.48,0
3249,2025-09-06,186,North America,US,web,Grocery,2,42.32,33.67,0
3250,2025-09-06,734,LATAM,CL,app,Toys,1,35.43,21.63,0
3251,2025-09-06,1101,EU,GB,web,Home,2,203.4,127.94,1
3252,2025-09-07,1224,APAC,KR,retail,Beauty,1,39.6,17.54,0
3253,2025-09-07,248,North America,MX,app,Beauty,1,35.44,17.36,0
3254,2025-09-07,144,EU,GB,web,Beauty,4,105.41,54.08,0
3255,2025-09-07,1298,APAC,AU,app,Home,1,78.27,51.8,0
3256,2025-09-07,1499,EU,GB,app,Fashion,1,56.98,33.36,0
3257,2025-09-07,1315,LATAM,AR,retail,Grocery,4,86.97,77.99,0
3258,2025-09-07,953,APAC,IN,app,Sports,6,483.2,338.47,0
3259,2025-09-07,777,EU,IT,partner,Fashion,3,149.04,81.85,0
3260,2025-09-07,178,EU,IT,web,Grocery,5,90.54,80.61,0
3261,2025-09-07,1414,North America,MX,partner,Sports,1,62.39,40.04,0
3262,2025-09-08,486,APAC,AU,app,Grocery,1,18.25,14.27,0
3263,2025-09-08,1047,EU,GB,web,Books,4,51.35,36.61,0
3264,2025-09-08,911,EU,ES,retail,Beauty,2,72.25,38.08,0
3265,2025-09-08,291,North America,MX,app,Home,2,142.68,88.67,0
3266,2025-09-08,1417,EU,ES,app,Home,2,214.18,136.62,0
3267,2025-09-08,1137,APAC,KR,web,Toys,1,38.99,24.9,0
3268,2025-09-08,330,North America,CA,partner,Sports,4,395.52,235.37,0
3269,2025-09-08,415,North America,MX,web,Toys,5,120.98,75.65,0
3270,2025-09-08,1148,APAC,KR,web,Electronics,3,563.71,463.91,0
3271,2025-09-08,1409,North America,MX,app,Books,2,29.53,20.3,0
3272,2025-09-09,219,North America,MX,partner,Fashion,2,106.89,64.18,0
3273,2025-09-09,771,EU,NL,web,Beauty,1,31.54,15.2,0
3274,2025-09-09,1121,North America,US,web,Toys,1,29.79,19.08,0
3275,2025-09-09,1391,EU,NL,app,Sports,1,58.59,35.17,0
3276,2025-09-09,168,North America,MX,app,Books,1,16.69,12.27,0
3277,2025-09-09,132,North America,US,app,Grocery,4,92.27,71.98,0
3278,2025-09-09,1241,North America,CA,partner,Beauty,1,34.96,16.35,0
3279,2025-09-09,833,North America,US,app,Fashion,1,50.73,26.8,0
3280,2025-09-09,1116,EU,GB,app,Toys,4,102.82,59.55,0
3281,2025-09-09,916,EU,DE,retail,Home,5,344.09,233.17,0
3282,2025-09-09,1451,North America,MX,web,Beauty,1,35.46,17.25,0
3283,2025-09-10,1405,EU,FR,app,Beauty,1,25.33,12.65,0
3284,2025-09-10,83,EU,IT,app,Fashion,1,47.44,24.38,0
3285,2025-09-10,1425,LATAM,BR,web,Beauty,1,39.78,17.71,0
3286,2025-09-10,918,EU,GB,partner,Beauty,3,134.75,67.38,0
3287,2025-09-10,418,APAC,JP,retail,Grocery,1,18.34,15.57,0
3288,2025-09-10,1075,North America,MX,web,Home,1,82.92,57.12,0
3289,2025-09-10,931,EU,FR,retail,Fashion,2,92.14,46.95,0
3290,2025-09-10,123,EU,DE,app,Home,1,83.17,56.71,0
3291,2025-09-10,220,EU,DE,partner,Toys,4,151.47,93.63,0
3292,2025-09-10,511,North America,CA,web,Sports,1,64.75,44.13,0
3293,2025-09-10,38,EU,DE,web,Books,2,43.12,30.26,0
3294,2025-09-11,37,EU,IT,app,Electronics,1,267.27,228.29,0
3295,2025-09-11,903,APAC,SG,web,Home,2,127.69,85.98,0
3296,2025-09-11,1163,APAC,SG,web,Books,1,19.26,13.84,0
3297,2025-09-11,1185,EU,FR,app,Fashion,4,239.92,120.3,0
3298,2025-09-11,1087,APAC,IN,app,Grocery,4,75.49,63.84,0
3299,2025-09-11,1391,EU,NL,web,Electronics,1,287.14,225.56,0
3300,2025-09-11,1434,North America,MX,web,Sports,3,209.51,138.54,0
3301,2025-09-11,352,APAC,IN,web,Sports,1,76.72,48.87,0
3302,2025-09-12,888,North America,MX,app,Books,1,19.24,14.21,1
3303,2025-09-12,312,LATAM,AR,web,Sports,2,136.41,89.27,0
3304,2025-09-12,770,North America,CA,web,Books,1,15.49,10.71,0
3305,2025-09-12,1038,APAC,JP,retail,Books,2,40.71,27.16,0
3306,2025-09-12,797,APAC,AU,web,Home,4,257.82,181.43,0
3307,2025-09-12,443,APAC,KR,app,Toys,2,60.37,38.96,0
3308,2025-09-12,783,APAC,AU,partner,Home,1,65.05,45.94,0
3309,2025-09-12,1030,LATAM,AR,app,Grocery,1,28.58,26.18,0
3310,2025-09-12,1408,North America,MX,retail,Grocery,4,132.6,122.14,0
3311,2025-09-13,1043,North America,CA,app,Grocery,4,130.81,108.24,0
3312,2025-09-13,504,North America,MX,app,Books,1,14.54,11.02,0
3313,2025-09-13,1368,North America,MX,web,Beauty,1,33.56,14.8,0
3314,2025-09-13,321,EU,DE,app,Books,1,16.82,13.11,0
3315,2025-09-13,1470,APAC,JP,app,Fashion,1,69.94,42.07,0
3316,2025-09-13,572,EU,NL,app,Home,2,184.04,129.96,0
3317,2025-09-13,1398,APAC,JP,retail,Sports,1,89.51,60.29,0
3318,2025-09-13,324,EU,PL,retail,Fashion,1,76.94,39.45,0
3319,2025-09-13,58,APAC,AU,retail,Electronics,2,502.77,434.74,0
3320,2025-09-13,308,North America,MX,partner,Sports,2,122.99,83.67,0
3321,2025-09-13,321,EU,DE,retail,Beauty,1,24.62,11.69,0
3322,2025-09-13,1351,North America,US,web,Home,1,72.44,45.49,0
3323,2025-09-13,36,North America,US,web,Grocery,1,29.55,25.67,0
3324,2025-09-13,73,EU,PL,app,Toys,4,109.28,63.15,0
3325,2025-09-13,651,APAC,SG,web,Sports,1,53.41,32.43,0
3326,2025-09-14,622,EU,PL,web,Sports,1,52.71,36.81,0
3327,2025-09-14,588,APAC,AU,web,Fashion,2,132.35,77.72,0
3328,2025-09-14,438,North America,US,retail,Sports,2,119.4,84.86,0
3329,2025-09-14,201,EU,DE,web,Beauty,1,26.08,11.58,0
3330,2025-09-14,1415,APAC,AU,app,Toys,4,143.59,91.31,0
3331,2025-09-14,341,North America,US,app,Books,4,57.77,38.74,0
3332,2025-09-14,802,North America,MX,web,Sports,4,372.99,233.38,0
3333,2025-09-14,835,North America,CA,web,Home,3,350.36,237.44,0
3334,2025-09-14,513,EU,NL,web,Toys,5,131.47,83.68,0
3335,2025-09-14,955,LATAM,CL,app,Home,2,128.97,83.27,0
3336,2025-09-14,1324,North America,US,web,Grocery,1,25.02,19.25,0
3337,2025-09-14,1335,EU,ES,web,Books,4,79.15,61.61,0
3338,2025-09-14,55,North America,CA,app,Books,2,42.31,28.32,0
3339,2025-09-15,614,North America,US,partner,Fashion,1,55.51,31.91,1
3340,2025-09-15,1165,North America,US,web,Electronics,1,210.14,177.7,0
3341,2025-09-15,1237,North America,CA,app,Beauty,1,46.63,23.6,0
3342,2025-09-15,34,North America,US,partner,Toys,1,27.96,15.65,0
3343,2025-09-15,1292,North America,CA,app,Home,1,96.56,62.3,0
3344,2025-09-15,1251,North America,MX,retail,Electronics,1,213.12,184.25,0
3345,2025-09-15,1147,APAC,JP,web,Grocery,1,23.45,21.12,0
3346,2025-09-15,813,North America,US,web,Toys,1,27.81,16.01,0
3347,2025-09-15,213,APAC,IN,app,Books,1,18.79,13.61,0
3348,2025-09-15,409,EU,GB,app,Grocery,4,99.42,82.11,0
3349,2025-09-15,1246,EU,PL,app,Sports,1,59.52,36.46,0
3350,2025-09-15,1069,North America,MX,web,Books,4,68.37,52.99,1
3351,2025-09-16,944,APAC,IN,retail,Sports,6,407.36,240.94,0
3352,2025-09-16,757,APAC,KR,web,Home,2,182.15,115.23,0
3353,2025-09-16,415,North America,MX,app,Toys,4,102.61,61.25,0
3354,2025-09-16,4,EU,GB,web,Books,4,89.27,69.1,0
3355,2025-09-16,1366,EU,GB,partner,Books,1,19.42,13.91,0
3356,2025-09-16,1290,EU,DE,retail,Toys,1,28.54,18.71,0
3357,2025-09-16,1103,EU,GB,web,Sports,1,66.3,46.07,0
3358,2025-09-16,765,APAC,AU,retail,Grocery,2,49.16,40.27,0
3359,2025-09-17,717,North America,US,retail,Home,1,85.27,58.39,0
3360,2025-09-17,349,APAC,KR,web,Toys,1,27.03,14.89,0
3361,2025-09-17,1359,LATAM,AR,web,Toys,1,31.66,17.52,0
3362,2025-09-17,969,North America,MX,retail,Electronics,1,212.46,179.95,0
3363,2025-09-17,784,LATAM,CL,app,Grocery,1,23.3,18.29,0
3364,2025-09-17,1088,APAC,SG,web,Beauty,1,35.06,17.99,0
3365,2025-09-17,118,EU,DE,web,Sports,1,75.11,48.57,1
3366,2025-09-17,785,North America,MX,app,Fashion,4,206.21,104.02,0
3367,2025-09-17,1105,EU,DE,app,Books,1,19.72,13.45,0
3368,2025-09-17,33,APAC,JP,web,Toys,4,146.14,92.18,0
3369,2025-09-18,724,North America,MX,web,Books,1,15.66,10.89,0
3370,2025-09-18,207,EU,GB,app,Sports,5,261.11,170.39,0
3371,2025-09-18,1080,North America,US,app,Home,2,201.87,127.72,0
3372,2025-09-18,17,North America,CA,partner,Beauty,1,32.11,16.04,0
3373,2025-09-18,458,North America,MX,app,Books,2,34.85,24.64,0
3374,2025-09-18,1421,North America,MX,web,Fashion,3,164.59,99.4,0
3375,2025-09-18,385,APAC,AU,app,Books,1,18.27,12.16,0
3376,2025-09-18,656,LATAM,CO,app,Electronics,4,776.73,573.42,0
3377,2025-09-18,549,APAC,KR,web,Electronics,5,1282.08,1131.97,0
3378,2025-09-18,545,EU,FR,web,Books,1,18.51,12.91,1
3379,2025-09-18,788,North America,CA,web,Beauty,2,83.98,38.13,0
3380,2025-09-19,1400,North America,US,web,Toys,1,33.18,20.6,0
3381,2025-09-19,1112,APAC,IN,web,Books,2,42.98,30.42,0
3382,2025-09-19,637,EU,ES,app,Books,1,20.88,15.42,0
3383,2025-09-19,838,North America,MX,web,Electronics,1,281.26,231.86,0
3384,2025-09-19,779,North America,US,web,Sports,3,263.31,182.12,0
3385,2025-09-19,572,EU,NL,web,Books,3,61.22,43.28,0
3386,2025-09-19,1344,APAC,JP,partner,Books,1,17.41,11.61,0
3387,2025-09-19,773,North America,MX,web,Sports,5,280.59,177.51,1
3388,2025-09-19,345,North America,US,web,Fashion,3,209.43,123.3,0
3389,2025-09-19,625,North America,US,app,Toys,5,212.66,132.76,0
3390,2025-09-19,1263,North America,US,app,Beauty,3,129.1,56.14,0
3391,2025-09-20,489,EU,PL,retail,Fashion,4,179.03,94.49,0
3392,2025-09-20,474,EU,PL,app,Toys,1,23.65,13.1,0
3393,2025-09-20,1286,APAC,JP,retail,Sports,1,60.82,37.47,0
3394,2025-09-20,305,EU,ES,retail,Toys,2,45.16,24.86,0
3395,2025-09-20,163,North America,US,app,Home,5,420.61,268.67,0
3396,2025-09-20,329,EU,GB,web,Fashion,2,111.23,58.0,0
3397,2025-09-20,1000,North America,MX,web,Toys,1,34.66,20.86,0
3398,2025-09-20,42,APAC,IN,retail,Electronics,1,266.9,219.24,0
3399,2025-09-20,289,North America,MX,app,Beauty,4,168.52,88.36,0
3400,2025-09-20,588,APAC,AU,partner,Electronics,4,800.94,686.12,0
3401,2025-09-21,1410,EU,IT,retail,Grocery,1,19.84,17.14,0
3402,2025-09-21,476,LATAM,CL,app,Beauty,1,41.8,18.15,0
3403,2025-09-21,768,EU,NL,web,Toys,1,37.1,24.48,0
3404,2025-09-21,770,North America,CA,app,Toys,1,28.24,15.71,0
3405,2025-09-21,1222,EU,PL,partner,Home,4,397.09,261.66,0
3406,2025-09-21,1133,LATAM,AR,web,Sports,1,84.45,55.01,0
3407,2025-09-21,357,North America,CA,retail,Fashion,1,73.45,42.12,0
3408,2025-09-21,180,North America,CA,web,Home,1,90.46,60.78,0
3409,2025-09-21,226,EU,FR,web,Books,1,19.94,13.99,0
3410,2025-09-21,1254,EU,DE,web,Grocery,1,25.72,22.38,0
3411,2025-09-21,528,North America,MX,retail,Beauty,2,55.79,27.15,0
3412,2025-09-21,1023,EU,GB,retail,Sports,5,256.72,173.79,0
3413,2025-09-22,123,EU,DE,web,Home,1,75.59,56.27,0
3414,2025-09-22,606,EU,FR,web,Grocery,5,158.23,125.82,0
3415,2025-09-22,321,EU,DE,app,Sports,1,77.25,50.37,0
3416,2025-09-22,1472,LATAM,CL,app,Electronics,1,311.91,262.53,0
3417,2025-09-22,108,North America,CA,partner,Books,4,71.47,53.64,0
3418,2025-09-22,644,North America,MX,partner,Sports,5,307.79,199.12,0
3419,2025-09-22,226,EU,FR,partner,Toys,1,26.87,14.64,0
3420,2025-09-22,427,APAC,SG,retail,Home,1,104.89,77.33,0
3421,2025-09-22,122,North America,US,web,Toys,5,199.78,126.97,0
3422,2025-09-23,1187,North America,MX,app,Books,3,62.8,41.87,0
3423,2025-09-23,737,North America,MX,web,Electronics,1,204.44,180.18,0
3424,2025-09-23,736,North America,US,retail,Home,1,115.88,85.8,0
3425,2025-09-23,583,LATAM,CL,web,Toys,6,150.88,92.2,0
3426,2025-09-23,453,EU,GB,app,Sports,2,170.29,105.76,0
3427,2025-09-23,446,APAC,JP,retail,Books,1,22.57,16.62,0
3428,2025-09-23,912,North America,US,partner,Beauty,1,34.49,16.28,0
3429,2025-09-23,1103,EU,GB,web,Grocery,1,26.8,21.03,0
3430,2025-09-23,856,North America,MX,web,Toys,1,38.88,24.14,0
3431,2025-09-24,54,North America,MX,partner,Fashion,1,53.18,27.8,0
3432,2025-09-24,1088,APAC,SG,app,Books,1,19.48,13.53,0
3433,2025-09-24,1199,APAC,JP,partner,Books,1,18.9,14.19,0
3434,2025-09-24,502,APAC,AU,retail,Books,1,13.65,9.8,0
3435,2025-09-24,1193,LATAM,CO,web,Sports,1,50.45,33.09,0
3436,2025-09-24,650,North America,CA,web,Electronics,4,792.55,631.14,0
3437,2025-09-24,1400,North America,US,app,Home,1,99.11,63.67,0
3438,2025-09-24,729,APAC,KR,app,Sports,1,81.97,51.28,0
3439,2025-09-24,293,North America,CA,web,Books,1,22.53,16.55,0
3440,2025-09-24,1114,LATAM,CL,retail,Fashion,6,270.88,135.87,0
3441,2025-09-24,177,EU,GB,app,Books,4,93.09,66.07,0
3442,2025-09-24,1016,EU,NL,web,Electronics,1,283.93,241.91,0
3443,2025-09-25,1,EU,FR,web,Books,1,20.12,15.21,0
3444,2025-09-25,41,North America,CA,web,Beauty,4,123.82,59.09,0
3445,2025-09-25,1485,LATAM,CO,app,Home,1,94.13,60.01,0
3446,2025-09-25,292,EU,GB,web,Fashion,5,370.36,219.72,1
3447,2025-09-25,333,North America,MX,app,Toys,5,157.65,94.67,0
3448,2025-09-25,1304,North America,CA,web,Beauty,2,80.99,39.28,0
3449,2025-09-25,1162,North America,MX,retail,Books,1,16.12,11.13,0
3450,2025-09-25,345,North America,US,web,Books,1,18.35,14.24,0
3451,2025-09-25,672,North America,CA,web,Grocery,1,27.64,24.7,0
3452,2025-09-25,241,EU,PL,web,Electronics,2,496.1,435.0,1
3453,2025-09-26,1224,APAC,KR,retail,Grocery,1,29.69,24.07,0
3454,2025-09-26,1012,North America,CA,app,Electronics,2,555.62,460.73,0
3455,2025-09-26,1354,EU,PL,retail,Grocery,1,30.11,25.74,0
3456,2025-09-26,167,LATAM,CO,web,Grocery,1,24.43,21.85,0
3457,2025-09-26,751,LATAM,BR,web,Sports,1,85.34,57.02,0
3458,2025-09-26,963,APAC,JP,web,Books,1,21.92,16.86,0
3459,2025-09-26,65,APAC,SG,web,Sports,2,160.51,110.21,0
3460,2025-09-26,984,North America,CA,web,Books,1,20.74,14.29,0
3461,2025-09-26,358,North America,US,app,Toys,2,46.51,28.26,0
3462,2025-09-26,136,North America,CA,app,Sports,1,80.3,49.33,0
3463,2025-09-26,138,North America,CA,web,Sports,5,458.0,309.37,0
3464,2025-09-26,1044,North America,US,app,Fashion,4,286.09,159.63,1
3465,2025-09-27,631,EU,ES,partner,Grocery,4,92.53,70.98,0
3466,2025-09-27,302,LATAM,CL,app,Electronics,3,660.94,567.33,0
3467,2025-09-27,646,North America,MX,web,Fashion,4,255.49,135.45,0
3468,2025-09-27,266,LATAM,CL,partner,Toys,2,48.86,29.64,0
3469,2025-09-27,691,EU,FR,app,Fashion,4,248.03,125.71,0
3470,2025-09-27,963,APAC,JP,app,Home,1,80.75,53.78,0
3471,2025-09-27,1011,EU,FR,web,Electronics,1,260.09,194.91,0
3472,2025-09-27,600,North America,US,web,Home,4,377.16,249.58,0
3473,2025-09-27,299,North America,CA,web,Books,1,24.02,15.61,0
3474,2025-09-27,1229,EU,FR,web,Sports,1,61.27,36.66,0
3475,2025-09-27,467,EU,IT,app,Beauty,1,41.4,19.16,1
3476,2025-09-27,568,North America,US,app,Beauty,1,47.54,24.57,0
3477,2025-09-27,1146,North America,MX,retail,Toys,1,40.32,22.67,0
3478,2025-09-27,27,LATAM,CO,retail,Electronics,4,995.33,830.75,0
3479,2025-09-28,895,EU,GB,partner,Sports,4,215.36,130.12,0
3480,2025-09-28,476,LATAM,CL,web,Sports,1,82.3,57.59,0
3481,2025-09-28,569,EU,GB,web,Beauty,4,126.25,62.53,0
3482,2025-09-28,159,EU,DE,retail,Home,2,134.64,94.91,0
3483,2025-09-28,13,APAC,JP,web,Grocery,1,22.13,16.95,0
3484,2025-09-28,54,North America,MX,app,Electronics,2,379.95,313.59,0
3485,2025-09-28,597,LATAM,CL,web,Electronics,5,1397.56,1187.02,0
3486,2025-09-28,1078,LATAM,CL,web,Books,1,13.28,10.46,0
3487,2025-09-28,234,EU,GB,app,Fashion,2,127.84,70.14,0
3488,2025-09-28,623,LATAM,CO,retail,Toys,1,38.04,25.02,0
3489,2025-09-28,992,APAC,AU,partner,Toys,1,36.93,20.77,0
3490,2025-09-28,1413,EU,DE,web,Beauty,1,31.92,14.94,0
3491,2025-09-29,898,EU,DE,app,Toys,2,45.45,26.36,0
3492,2025-09-29,1296,EU,NL,web,Fashion,2,106.34,59.91,0
3493,2025-09-29,646,North America,MX,retail,Toys,2,67.69,39.03,0
3494,2025-09-29,472,EU,ES,web,Beauty,1,32.52,16.36,0
3495,2025-09-29,321,EU,DE,web,Fashion,5,319.11,163.97,0
3496,2025-09-29,1400,North America,US,app,Fashion,1,76.57,41.94,0
3497,2025-09-29,1259,EU,IT,web,Fashion,5,217.71,120.27,0
3498,2025-09-29,831,North America,US,web,Sports,2,165.46,99.86,0
3499,2025-09-29,1003,North America,CA,app,Toys,2,54.58,34.3,0
3500,2025-09-29,1480,EU,NL,retail,Sports,1,56.47,33.9,0
3501,2025-09-29,1197,EU,NL,app,Toys,2,66.46,39.49,0
3502,2025-09-29,832,North America,MX,web,Sports,1,67.48,40.35,0
3503,2025-09-30,723,EU,GB,retail,Toys,4,127.83,69.72,0
3504,2025-09-30,1215,North America,CA,retail,Sports,1,88.78,55.47,0
3505,2025-09-30,898,EU,DE,web,Home,2,206.66,134.99,0
3506,2025-09-30,296,LATAM,CL,web,Toys,1,26.11,14.68,0
3507,2025-09-30,845,North America,MX,web,Books,1,17.41,12.1,0
3508,2025-09-30,1290,EU,DE,web,Books,4,70.86,48.55,0
3509,2025-09-30,1131,EU,ES,app,Grocery,1,20.52,16.2,0
3510,2025-09-30,84,North America,CA,web,Fashion,2,122.93,67.68,0
3511,2025-09-30,799,APAC,IN,app,Books,1,17.93,13.7,0
3512,2025-09-30,1431,EU,PL,app,Electronics,4,776.33,651.24,0
3513,2025-09-30,185,North America,US,retail,Fashion,1,49.96,27.03,0
3514,2025-09-30,1044,North America,US,web,Toys,4,150.88,98.54,0
3515,2025-09-30,2,EU,FR,web,Books,1,17.73,13.84,0
3516,2025-10-01,1136,EU,FR,app,Grocery,1,24.35,21.67,0
3517,2025-10-01,1025,APAC,IN,web,Toys,1,36.98,24.36,0
3518,2025-10-01,902,North America,CA,app,Beauty,1,35.89,15.57,0
3519,2025-10-01,62,North America,US,web,Sports,4,360.61,244.39,0
3520,2025-10-01,214,EU,DE,app,Fashion,2,104.99,57.62,0
3521,2025-10-01,788,North America,CA,app,Toys,1,37.68,22.33,0
3522,2025-10-01,114,APAC,KR,web,Beauty,1,36.84,17.15,0
3523,2025-10-01,911,EU,ES,retail,Beauty,1,35.62,16.64,0
3524,2025-10-01,1423,EU,GB,web,Fashion,1,60.03,35.14,0
3525,2025-10-01,962,EU,GB,app,Toys,4,141.4,76.57,0
3526,2025-10-02,341,North America,US,web,Home,4,274.36,180.6,0
3527,2025-10-02,903,APAC,SG,web,Beauty,1,24.67,10.84,0
3528,2025-10-02,119,EU,PL,web,Electronics,2,418.27,328.61,0
3529,2025-10-02,411,APAC,JP,retail,Grocery,1,17.53,13.5,0
3530,2025-10-02,1129,APAC,AU,web,Books,2,45.3,33.31,0
3531,2025-10-02,845,North America,MX,app,Fashion,4,240.35,131.98,0
3532,2025-10-02,472,EU,ES,web,Toys,2,53.22,33.95,0
3533,2025-10-02,286,APAC,JP,app,Fashion,1,77.15,45.79,0
3534,2025-10-02,1428,North America,US,web,Books,1,22.12,17.41,0
3535,2025-10-02,77,APAC,IN,app,Beauty,4,167.59,73.94,0
3536,2025-10-02,438,North America,US,app,Fashion,1,55.52,28.72,0
3537,2025-10-03,695,North America,CA,partner,Beauty,1,49.67,22.7,0
3538,2025-10-03,554,LATAM,BR,web,Electronics,1,306.91,240.21,0
3539,2025-10-03,158,LATAM,CL,retail,Electronics,1,259.79,210.05,0
3540,2025-10-03,11,APAC,AU,web,Toys,1,37.02,20.92,1
3541,2025-10-03,1104,APAC,SG,app,Home,1,70.46,50.43,0
3542,2025-10-03,377,North America,CA,web,Fashion,1,52.77,26.67,0
3543,2025-10-03,584,North America,CA,app,Home,1,67.35,48.23,0
3544,2025-10-03,1255,LATAM,CO,app,Beauty,1,29.5,13.0,0
3545,2025-10-03,241,EU,PL,retail,Beauty,2,51.14,26.47,0
3546,2025-10-03,468,North America,MX,app,Toys,1,33.05,21.37,0
3547,2025-10-04,56,EU,ES,app,Toys,1,21.89,12.31,0
3548,2025-10-04,625,North America,US,web,Beauty,4,152.09,74.58,0
3549,2025-10-04,450,EU,NL,web,Fashion,1,63.93,31.65,1
3550,2025-10-04,1485,LATAM,CO,partner,Electronics,1,266.0,233.28,0
3551,2025-10-04,574,EU,IT,web,Electronics,4,1075.27,868.7,0
3552,2025-10-04,1487,APAC,JP,retail,Beauty,1,41.52,19.71,0
3553,2025-10-04,1159,North America,CA,web,Books,3,70.87,50.44,0
3554,2025-10-04,1025,APAC,IN,retail,Toys,1,37.54,24.43,0
3555,2025-10-04,213,APAC,IN,app,Home,1,108.64,67.85,0
3556,2025-10-04,858,North America,MX,partner,Grocery,1,31.7,26.44,0
3557,2025-10-04,34,North America,US,app,Toys,1,39.81,25.0,0
3558,2025-10-05,1409,North America,MX,retail,Books,1,19.67,12.95,0
3559,2025-10-05,631,EU,ES,web,Grocery,4,120.98,112.0,0
3560,2025-10-05,201,EU,DE,app,Sports,1,54.37,37.88,0
3561,2025-10-05,566,EU,FR,partner,Fashion,1,74.2,39.18,0
3562,2025-10-05,70,LATAM,CO,app,Books,1,14.25,10.74,0
3563,2025-10-05,56,EU,ES,web,Home,1,110.44,81.73,0
3564,2025-10-05,35,North America,US,web,Sports,1,61.82,36.61,0
3565,2025-10-05,289,North America,MX,app,Toys,6,221.04,139.57,0
3566,2025-10-05,610,North America,MX,web,Books,1,18.49,13.27,0
3567,2025-10-05,424,EU,GB,web,Sports,1,50.68,33.22,0
3568,2025-10-05,898,EU,DE,app,Books,5,108.68,78.06,0
3569,2025-10-05,1047,EU,GB,web,Toys,6,176.45,103.93,0
3570,2025-10-05,997,APAC,KR,web,Beauty,1,36.98,17.93,0
3571,2025-10-06,1478,APAC,SG,retail,Fashion,4,287.53,157.43,0
3572,2025-10-06,256,EU,DE,web,Toys,1,36.53,22.83,0
3573,2025-10-06,1225,North America,CA,partner,Grocery,6,169.16,138.96,0
3574,2025-10-06,294,North America,MX,web,Fashion,1,59.29,30.39,0
3575,2025-10-06,1402,North America,MX,app,Toys,1,26.51,16.08,0
3576,2025-10-06,873,North America,MX,web,Books,1,17.14,11.61,0
3577,2025-10-06,591,EU,ES,app,Home,1,85.64,61.65,0
3578,2025-10-06,617,EU,PL,web,Beauty,1,25.22,12.83,0
3579,2025-10-06,111,North America,CA,web,Electronics,1,331.27,292.43,0
3580,2025-10-06,1131,EU,ES,app,Electronics,1,258.33,220.52,0
3581,2025-10-07,318,EU,IT,retail,Toys,3,80.75,50.95,0
3582,2025-10-07,1208,APAC,KR,web,Grocery,1,27.16,25.07,0
3583,2025-10-07,447,North America,MX,partner,Home,4,306.97,227.16,0
3584,2025-10-07,673,North America,MX,app,Grocery,1,33.0,28.73,0
3585,2025-10-07,143,LATAM,CO,retail,Electronics,1,204.28,153.28,0
3586,2025-10-07,458,North America,MX,web,Books,1,14.01,10.24,0
3587,2025-10-08,661,North America,MX,web,Electronics,2,650.05,571.88,1
3588,2025-10-08,1331,EU,ES,web,Electronics,3,570.76,463.81,0
3589,2025-10-08,549,APAC,KR,web,Electronics,4,1069.74,860.69,0
3590,2025-10-08,22,North America,CA,app,Fashion,1,46.23,27.13,0
3591,2025-10-08,652,EU,FR,web,Grocery,2,47.31,36.61,0
3592,2025-10-08,419,LATAM,CO,app,Electronics,1,199.63,160.41,1
3593,2025-10-08,831,North America,US,web,Electronics,1,293.5,229.7,0
3594,2025-10-09,1152,EU,DE,web,Electronics,1,168.46,146.16,0
3595,2025-10-09,1378,EU,GB,app,Toys,1,29.8,18.41,0
3596,2025-10-09,1209,EU,GB,app,Books,2,28.69,21.03,0
3597,2025-10-09,462,APAC,JP,web,Books,1,20.07,15.69,0
3598,2025-10-09,1496,EU,PL,retail,Home,1,90.37,59.57,0
3599,2025-10-09,1076,North America,US,app,Toys,1,29.25,16.16,0
3600,2025-10-09,813,North America,US,app,Books,1,22.39,16.48,0
3601,2025-10-09,1310,EU,IT,web,Grocery,1,21.98,20.4,0
3602,2025-10-09,1313,North America,US,app,Grocery,2,49.62,40.0,0
3603,2025-10-09,52,EU,NL,retail,Grocery,1,21.43,19.51,0
3604,2025-10-09,1216,APAC,KR,partner,Toys,1,24.34,15.87,0
3605,2025-10-09,1222,EU,PL,web,Beauty,4,145.86,73.29,0
3606,2025-10-09,688,North America,US,app,Home,1,118.15,85.01,0
3607,2025-10-10,1063,North America,US,app,Home,5,514.99,369.16,0
3608,2025-10-10,227,EU,PL,app,Electronics,1,212.84,165.86,0
3609,2025-10-10,1436,North America,US,app,Electronics,1,308.66,278.17,0
3610,2025-10-10,596,EU,NL,partner,Fashion,1,75.96,45.24,0
3611,2025-10-10,1226,North America,US,web,Beauty,1,29.75,13.72,0
3612,2025-10-10,146,North America,US,web,Books,1,15.88,12.16,0
3613,2025-10-10,924,EU,PL,web,Toys,1,21.48,12.07,0
3614,2025-10-10,1179,North America,MX,web,Beauty,1,31.07,13.91,0
3615,2025-10-10,1471,North America,CA,web,Toys,1,26.13,15.36,0
3616,2025-10-11,89,North America,US,app,Fashion,4,218.73,126.59,0
3617,2025-10-11,521,North America,CA,web,Beauty,5,184.25,79.98,0
3618,2025-10-11,760,EU,IT,web,Electronics,1,176.81,149.01,0
3619,2025-10-11,5,EU,DE,web,Sports,1,90.38,58.59,0
3620,2025-10-11,1159,North America,CA,web,Grocery,2,46.69,41.93,0
3621,2025-10-11,262,North America,MX,app,Sports,1,92.5,62.45,0
3622,2025-10-11,1086,APAC,IN,web,Sports,1,61.36,40.14,0
3623,2025-10-11,883,EU,FR,retail,Beauty,1,37.75,17.71,0
3624,2025-10-11,956,EU,FR,app,Home,1,85.89,56.93,0
3625,2025-10-12,1230,North America,MX,partner,Grocery,1,23.03,18.37,0
3626,2025-10-12,1079,North America,US,app,Beauty,1,47.16,21.65,0
3627,2025-10-12,232,EU,FR,web,Fashion,1,52.82,30.66,0
3628,2025-10-12,296,LATAM,CL,app,Home,1,107.02,71.13,0
3629,2025-10-12,1030,LATAM,AR,app,Sports,1,66.57,41.14,0
3630,2025-10-12,1293,EU,PL,web,Books,5,66.8,45.67,1
3631,2025-10-12,936,APAC,SG,web,Books,4,80.81,55.23,0
3632,2025-10-12,648,APAC,KR,partner,Fashion,1,65.12,35.41,0
3633,2025-10-12,1199,APAC,JP,app,Beauty,2,66.27,31.89,0
3634,2025-10-12,1208,APAC,KR,web,Electronics,1,265.3,206.13,0
3635,2025-10-12,219,North America,MX,web,Books,3,51.53,34.95,0
3636,2025-10-13,512,LATAM,AR,web,Toys,1,33.82,19.65,0
3637,2025-10-13,102,North America,US,partner,Books,1,25.21,18.08,0
3638,2025-10-13,246,North America,US,web,Electronics,1,248.13,191.24,0
3639,2025-10-13,1235,EU,IT,app,Toys,4,144.1,86.77,0
3640,2025-10-13,431,EU,GB,retail,Beauty,2,64.33,33.4,0
3641,2025-10-13,57,North America,US,web,Grocery,1,27.9,24.48,0
3642,2025-10-13,1292,North America,CA,app,Fashion,2,154.48,81.75,0
3643,2025-10-13,287,LATAM,BR,retail,Toys,2,55.87,31.4,0
3644,2025-10-13,1439,APAC,JP,partner,Sports,1,75.79,45.23,1
3645,2025-10-13,801,EU,NL,app,Home,1,105.11,76.74,0
3646,2025-10-14,122,North America,US,web,Beauty,4,128.44,67.14,0
3647,2025-10-14,28,APAC,IN,retail,Books,1,22.71,16.75,0
3648,2025-10-14,336,APAC,IN,app,Sports,1,87.78,61.39,0
3649,2025-10-14,42,APAC,IN,web,Electronics,1,267.21,214.26,0
3650,2025-10-14,726,EU,IT,app,Sports,2,115.32,77.38,0
3651,2025-10-14,861,EU,ES,web,Electronics,1,308.95,259.06,0
3652,2025-10-14,717,North America,US,retail,Sports,2,132.8,91.75,0
3653,2025-10-14,319,EU,IT,app,Fashion,4,168.87,100.9,0
3654,2025-10-14,1082,North America,CA,web,Fashion,1,52.54,26.48,0
3655,2025-10-14,1453,North America,US,app,Grocery,1,35.15,30.68,0
3656,2025-10-14,240,EU,GB,web,Electronics,2,355.84,306.62,0
3657,2025-10-14,875,North America,US,app,Sports,4,392.23,274.32,0
3658,2025-10-15,718,EU,FR,web,Books,2,25.51,19.26,0
3659,2025-10-15,1181,LATAM,CL,partner,Toys,1,23.73,13.59,0
3660,2025-10-15,442,North America,US,retail,Toys,1,39.24,21.86,0
3661,2025-10-15,1251,North America,MX,retail,Sports,1,81.1,55.62,0
3662,2025-10-15,42,APAC,IN,retail,Sports,1,63.97,45.69,0
3663,2025-10-15,1072,EU,IT,app,Home,1,79.38,51.44,0
3664,2025-10-15,601,EU,PL,app,Books,1,16.47,12.17,0
3665,2025-10-15,349,APAC,KR,web,Beauty,1,43.45,22.5,0
3666,2025-10-15,1354,EU,PL,app,Beauty,3,88.69,44.8,0
3667,2025-10-15,771,EU,NL,app,Grocery,2,51.56,42.88,0
3668,2025-10-15,1241,North America,CA,app,Fashion,1,57.24,30.39,0
3669,2025-10-16,1039,North America,US,retail,Beauty,1,46.69,22.66,1
3670,2025-10-16,173,LATAM,AR,web,Electronics,5,1015.16,810.31,0
3671,2025-10-16,904,EU,ES,web,Grocery,4,92.99,79.91,0
3672,2025-10-16,32,EU,GB,web,Fashion,4,179.39,99.36,0
3673,2025-10-16,433,EU,GB,web,Fashion,1,42.46,24.49,0
3674,2025-10-16,771,EU,NL,partner,Home,1,64.74,40.9,0
3675,2025-10-16,859,North America,MX,web,Grocery,4,94.72,76.36,0
3676,2025-10-16,906,LATAM,AR,web,Toys,1,25.88,14.82,0
3677,2025-10-16,1329,EU,FR,retail,Grocery,1,20.72,17.01,0
3678,2025-10-16,1304,North America,CA,retail,Sports,2,130.2,82.16,0
3679,2025-10-16,465,North America,MX,web,Home,1,78.2,52.67,0
3680,2025-10-17,407,North America,US,app,Beauty,1,30.73,16.19,0
3681,2025-10-17,1467,LATAM,BR,web,Beauty,2,71.33,36.5,0
3682,2025-10-17,850,EU,PL,web,Home,1,62.07,43.47,0
3683,2025-10-17,1180,LATAM,CO,app,Home,1,100.57,70.32,0
3684,2025-10-17,231,EU,ES,web,Electronics,1,284.45,217.24,0
3685,2025-10-17,643,EU,ES,retail,Fashion,1,70.97,39.51,0
3686,2025-10-17,433,EU,GB,app,Books,1,21.22,13.96,0
3687,2025-10-17,1335,EU,ES,partner,Electronics,1,300.8,240.44,0
3688,2025-10-17,1298,APAC,AU,retail,Books,1,19.76,13.29,0
3689,2025-10-17,565,EU,NL,partner,Beauty,1,44.64,21.55,0
3690,2025-10-18,293,North America,CA,app,Beauty,3,113.34,57.7,0
3691,2025-10-18,1450,EU,DE,app,Toys,4,128.7,78.58,0
3692,2025-10-18,610,North America,MX,web,Books,1,24.46,16.96,0
3693,2025-10-18,75,EU,NL,app,Grocery,1,27.48,23.22,0
3694,2025-10-18,1147,APAC,JP,app,Books,1,13.93,9.29,0
3695,2025-10-18,1395,North America,MX,web,Beauty,3,145.27,62.98,0
3696,2025-10-18,209,EU,DE,web,Fashion,1,57.92,28.8,0
3697,2025-10-18,133,APAC,SG,app,Sports,1,68.81,42.21,0
3698,2025-10-18,469,North America,US,partner,Electronics,5,1050.14,880.05,0
3699,2025-10-18,468,North America,MX,web,Toys,1,27.03,16.89,0
3700,2025-10-18,652,EU,FR,web,Beauty,1,35.01,15.98,0
3701,2025-10-18,389,North America,US,app,Grocery,1,32.13,28.77,0
3702,2025-10-18,496,EU,PL,app,Beauty,1,43.42,21.33,0
3703,2025-10-18,1106,North America,MX,web,Home,1,120.37,88.16,0
3704,2025-10-19,13,APAC,JP,app,Electronics,2,481.53,374.9,0
3705,2025-10-19,389,North America,US,web,Toys,1,36.52,22.26,0
3706,2025-10-19,555,North America,CA,web,Fashion,3,148.37,78.31,0
3707,2025-10-19,463,APAC,KR,partner,Toys,2,75.9,44.9,0
3708,2025-10-19,292,EU,GB,retail,Electronics,5,1145.61,869.52,0
3709,2025-10-19,1218,North America,CA,web,Electronics,1,261.3,219.27,0
3710,2025-10-19,471,EU,ES,web,Electronics,1,248.13,196.76,0
3711,2025-10-19,838,North America,MX,retail,Home,4,372.75,228.62,0
3712,2025-10-19,1318,North America,US,partner,Beauty,1,28.72,14.68,0
3713,2025-10-19,946,EU,ES,app,Sports,2,115.05,71.53,0
3714,2025-10-19,1219,EU,NL,web,Grocery,1,19.24,14.96,0
3715,2025-10-19,220,EU,DE,app,Grocery,1,18.79,15.93,0
3716,2025-10-19,439,North America,US,partner,Fashion,1,61.98,33.2,1
3717,2025-10-20,336,APAC,IN,web,Books,1,20.93,15.61,0
3718,2025-10-20,140,APAC,IN,web,Toys,1,24.47,15.12,0
3719,2025-10-20,690,EU,IT,app,Home,4,282.41,189.82,0
3720,2025-10-20,1293,EU,PL,app,Home,2,197.66,121.63,0
3721,2025-10-20,748,North America,US,web,Fashion,1,77.12,43.81,0
3722,2025-10-20,249,EU,NL,web,Home,4,329.63,241.59,0
3723,2025-10-20,1300,APAC,KR,app,Toys,1,27.3,15.99,0
3724,2025-10-20,659,EU,NL,app,Toys,1,28.8,18.44,0
3725,2025-10-20,686,North America,CA,web,Fashion,1,73.55,42.32,0
3726,2025-10-21,48,EU,GB,retail,Fashion,1,77.06,39.18,0
3727,2025-10-21,1492,North America,US,web,Grocery,4,139.94,124.17,0
3728,2025-10-21,1081,EU,ES,web,Fashion,1,44.9,25.33,0
3729,2025-10-21,732,EU,PL,web,Beauty,2,62.84,31.33,0
3730,2025-10-21,746,North America,MX,web,Sports,1,90.65,60.36,0
3731,2025-10-21,652,EU,FR,web,Fashion,1,62.65,37.55,0
3732,2025-10-21,168,North America,MX,retail,Sports,3,263.74,186.63,1
3733,2025-10-21,1278,EU,NL,retail,Electronics,2,375.69,295.24,0
3734,2025-10-21,859,North America,MX,app,Books,4,82.78,65.45,0
3735,2025-10-21,700,EU,IT,retail,Fashion,2,146.06,83.15,0
3736,2025-10-21,617,EU,PL,retail,Home,1,69.58,46.5,0
3737,2025-10-21,442,North America,US,partner,Home,1,90.72,63.24,0
3738,2025-10-22,86,EU,DE,web,Grocery,4,89.31,80.55,0
3739,2025-10-22,9,EU,DE,partner,Beauty,3,97.93,43.14,0
3740,2025-10-22,218,North America,MX,retail,Electronics,1,253.33,211.84,0
3741,2025-10-22,258,LATAM,CO,app,Toys,2,45.66,25.57,0
3742,2025-10-22,788,North America,CA,app,Beauty,1,28.3,14.57,0
3743,2025-10-22,1343,North America,US,web,Grocery,1,31.39,24.66,0
3744,2025-10-22,1372,EU,FR,app,Toys,2,53.4,33.89,0
3745,2025-10-22,781,LATAM,AR,retail,Sports,5,396.32,235.61,0
3746,2025-10-22,1193,LATAM,CO,web,Electronics,1,173.9,137.31,0
3747,2025-10-22,71,EU,IT,web,Sports,1,87.7,58.95,1
3748,2025-10-22,748,North America,US,partner,Fashion,1,51.06,27.12,0
3749,2025-10-22,474,EU,PL,app,Fashion,1,54.97,27.55,0
3750,2025-10-23,46,LATAM,BR,partner,Beauty,1,25.18,11.06,0
3751,2025-10-23,1370,EU,PL,retail,Beauty,3,99.88,43.64,0
3752,2025-10-23,629,LATAM,CL,web,Sports,4,322.3,203.83,0
3753,2025-10-23,403,EU,FR,web,Home,1,75.25,49.13,0
3754,2025-10-23,1219,EU,NL,app,Sports,5,314.4,214.87,0
3755,2025-10-23,1290,EU,DE,retail,Grocery,1,29.62,23.2,0
3756,2025-10-23,781,LATAM,AR,app,Books,4,70.48,46.81,0
3757,2025-10-23,237,APAC,SG,web,Fashion,4,260.48,149.45,0
3758,2025-10-23,543,EU,ES,web,Toys,3,85.85,47.84,0
3759,2025-10-23,71,EU,IT,web,Home,1,61.2,45.66,0
3760,2025-10-23,1133,LATAM,AR,app,Books,1,19.72,14.47,0
3761,2025-10-23,1357,APAC,SG,partner,Grocery,1,28.97,26.63,0
3762,2025-10-24,1244,APAC,JP,web,Home,1,96.92,67.96,0
3763,2025-10-24,1152,EU,DE,app,Sports,1,61.31,38.47,0
3764,2025-10-24,901,APAC,KR,web,Toys,1,29.2,17.18,0
3765,2025-10-24,754,North America,US,app,Grocery,1,33.81,25.91,0
3766,2025-10-24,1091,North America,MX,web,Sports,4,231.61,153.56,0
3767,2025-10-24,613,LATAM,CO,web,Sports,2,124.12,75.33,0
3768,2025-10-24,546,North America,MX,app,Electronics,1,314.11,256.21,0
3769,2025-10-24,1066,EU,DE,app,Sports,1,76.83,47.42,0
3770,2025-10-24,336,APAC,IN,partner,Toys,9,250.49,145.73,0
3771,2025-10-24,548,APAC,SG,app,Electronics,1,298.94,257.18,0
3772,2025-10-24,376,EU,NL,retail,Beauty,1,36.19,17.25,0
3773,2025-10-24,456,LATAM,CL,app,Toys,4,93.52,58.29,0
3774,2025-10-25,562,EU,GB,partner,Books,2,29.89,21.1,0
3775,2025-10-25,1163,APAC,SG,web,Grocery,1,18.91,16.33,0
3776,2025-10-25,1207,North America,CA,app,Books,1,20.45,13.62,0
3777,2025-10-25,996,APAC,IN,web,Electronics,2,451.71,406.88,0
3778,2025-10-25,1267,APAC,KR,web,Books,1,21.58,15.15,0
3779,2025-10-25,16,EU,ES,app,Electronics,1,259.62,227.3,0
3780,2025-10-25,945,North America,US,web,Electronics,4,1035.37,895.36,0
3781,2025-10-25,274,North America,MX,retail,Fashion,2,161.87,87.29,0
3782,2025-10-26,617,EU,PL,retail,Home,1,98.98,61.31,0
3783,2025-10-26,1002,North America,MX,app,Sports,4,395.12,254.5,0
3784,2025-10-26,774,North America,MX,web,Books,2,37.16,29.1,0
3785,2025-10-26,347,LATAM,CO,app,Sports,1,61.1,36.16,0
3786,2025-10-26,1363,North America,US,web,Electronics,1,247.54,187.97,0
3787,2025-10-26,907,LATAM,AR,web,Grocery,4,126.43,115.05,0
3788,2025-10-26,990,EU,GB,web,Beauty,1,29.59,13.66,0
3789,2025-10-26,192,EU,IT,web,Sports,6,295.75,187.37,0
3790,2025-10-26,158,LATAM,CL,app,Toys,1,24.08,15.13,0
3791,2025-10-26,490,APAC,SG,partner,Fashion,1,48.72,26.24,0
3792,2025-10-26,583,LATAM,CL,web,Toys,7,235.41,130.16,0
3793,2025-10-26,523,APAC,KR,retail,Sports,2,163.78,113.9,1
3794,2025-10-27,505,APAC,AU,app,Books,4,55.71,38.05,0
3795,2025-10-27,132,North America,US,web,Home,5,509.17,333.71,0
3796,2025-10-27,606,EU,FR,app,Fashion,4,292.26,164.82,0
3797,2025-10-27,1471,North America,CA,web,Toys,2,66.62,42.1,0
3798,2025-10-27,906,LATAM,AR,web,Grocery,2,44.27,38.77,0
3799,2025-10-27,1343,North America,US,retail,Sports,1,62.73,40.42,0
3800,2025-10-27,691,EU,FR,retail,Grocery,4,128.34,100.16,0
3801,2025-10-27,587,North America,MX,web,Fashion,1,52.65,29.22,0
3802,2025-10-27,684,North America,MX,retail,Beauty,1,46.66,20.37,0
3803,2025-10-27,1431,EU,PL,retail,Books,4,63.89,50.24,0
3804,2025-10-27,94,APAC,SG,app,Fashion,1,76.19,44.84,0
3805,2025-10-28,244,APAC,KR,web,Electronics,4,726.06,603.37,0
3806,2025-10-28,579,APAC,KR,partner,Books,3,49.17,38.28,0
3807,2025-10-28,1476,EU,ES,app,Grocery,1,25.2,20.5,0
3808,2025-10-28,1251,North America,MX,web,Home,1,77.7,57.72,0
3809,2025-10-28,1195,APAC,AU,app,Electronics,2,519.82,468.3,0
3810,2025-10-28,276,EU,FR,web,Electronics,1,175.24,148.71,0
3811,2025-10-28,1454,LATAM,CL,web,Beauty,2,86.5,42.61,0
3812,2025-10-28,1395,North America,MX,web,Grocery,1,34.18,28.25,0
3813,2025-10-28,805,EU,DE,web,Toys,4,126.92,73.98,0
3814,2025-10-28,1171,EU,FR,web,Home,1,92.98,62.05,0
3815,2025-10-28,1301,EU,IT,web,Toys,5,129.45,74.38,0
3816,2025-10-28,57,North America,US,app,Toys,1,32.63,19.38,0
3817,2025-10-29,1256,EU,GB,web,Fashion,1,59.63,30.76,0
3818,2025-10-29,1374,North America,US,retail,Home,1,85.04,63.11,0
3819,2025-10-29,429,EU,NL,retail,Sports,3,251.42,173.79,0
3820,2025-10-29,270,EU,FR,app,Electronics,2,530.15,394.13,0
3821,2025-10-29,1178,North America,US,partner,Beauty,4,178.27,83.35,0
3822,2025-10-29,450,EU,NL,web,Toys,1,37.31,22.41,0
3823,2025-10-29,150,EU,ES,app,Books,1,12.96,9.81,0
3824,2025-10-30,1252,EU,ES,web,Sports,1,65.97,45.06,0
3825,2025-10-30,1181,LATAM,CL,app,Toys,1,33.68,20.99,0
3826,2025-10-30,100,EU,FR,web,Books,1,23.27,17.57,0
3827,2025-10-30,113,APAC,JP,web,Fashion,1,76.01,44.44,0
3828,2025-10-30,57,North America,US,app,Toys,4,102.94,58.95,0
3829,2025-10-30,818,North America,MX,retail,Toys,3,120.98,79.0,0
3830,2025-10-30,422,APAC,KR,web,Beauty,3,79.88,37.59,0
3831,2025-10-30,1409,North America,MX,app,Toys,3,114.15,63.81,0
3832,2025-10-30,192,EU,IT,partner,Grocery,4,83.42,68.13,0
3833,2025-10-30,1303,APAC,JP,retail,Books,3,45.28,31.29,0
3834,2025-10-31,623,LATAM,CO,web,Fashion,1,67.01,40.05,0
3835,2025-10-31,597,LATAM,CL,web,Fashion,5,269.56,134.1,0
3836,2025-10-31,543,EU,ES,web,Electronics,3,863.37,687.86,0
3837,2025-10-31,1483,APAC,AU,retail,Sports,2,128.76,76.32,0
3838,2025-10-31,410,EU,NL,partner,Grocery,3,94.21,84.01,0
3839,2025-10-31,316,North America,MX,partner,Beauty,1,28.56,13.47,0
3840,2025-10-31,1468,APAC,KR,web,Sports,2,120.17,85.2,0
3841,2025-10-31,1412,North America,CA,web,Fashion,1,80.83,47.09,0
3842,2025-10-31,392,North America,US,app,Home,1,77.84,56.03,0
3843,2025-10-31,1168,LATAM,CL,web,Electronics,1,215.05,188.48,0
3844,2025-10-31,422,APAC,KR,retail,Toys,1,25.96,15.37,0
3845,2025-11-01,1183,North America,US,web,Beauty,7,319.05,161.45,0
3846,2025-11-01,783,APAC,AU,web,Sports,2,154.88,95.85,0
3847,2025-11-01,176,North America,CA,retail,Sports,1,68.81,40.75,0
3848,2025-11-01,1295,EU,ES,retail,Fashion,1,43.33,25.44,0
3849,2025-11-01,1373,LATAM,AR,app,Electronics,3,684.35,509.2,0
3850,2025-11-01,176,North America,CA,web,Beauty,1,27.71,13.41,0
3851,2025-11-01,1096,APAC,AU,retail,Grocery,1,19.87,17.61,0
3852,2025-11-01,135,EU,PL,retail,Toys,2,66.75,38.63,0
3853,2025-11-01,574,EU,IT,web,Home,1,60.06,37.54,0
3854,2025-11-01,223,EU,ES,retail,Sports,2,156.74,109.78,0
3855,2025-11-01,462,APAC,JP,app,Sports,1,55.11,36.34,0
3856,2025-11-01,625,North America,US,web,Books,4,64.71,50.72,0
3857,2025-11-01,386,LATAM,CO,app,Home,4,258.3,165.88,0
3858,2025-11-01,1124,APAC,SG,app,Toys,1,36.2,21.39,0
3859,2025-11-01,430,North America,MX,web,Books,4,66.84,51.56,0
3860,2025-11-02,1489,APAC,IN,web,Electronics,1,200.48,156.11,0
3861,2025-11-02,840,LATAM,BR,retail,Fashion,1,61.45,33.79,0
3862,2025-11-02,1005,North America,MX,app,Toys,2,49.92,30.88,0
3863,2025-11-02,426,EU,ES,retail,Fashion,1,45.61,23.12,1
3864,2025-11-02,1134,North America,MX,app,Grocery,1,32.16,26.31,0
3865,2025-11-02,683,LATAM,CL,retail,Books,1,18.86,13.12,0
3866,2025-11-02,1362,North America,CA,retail,Grocery,1,26.44,24.37,0
3867,2025-11-02,882,EU,DE,app,Grocery,1,19.69,15.6,0
3868,2025-11-02,219,North America,MX,web,Home,2,189.43,138.12,0
3869,2025-11-02,850,EU,PL,retail,Beauty,1,27.11,13.02,0
3870,2025-11-02,529,North America,MX,app,Grocery,2,43.73,34.7,0
3871,2025-11-02,723,EU,GB,app,Toys,5,129.09,83.55,0
3872,2025-11-02,596,EU,NL,app,Sports,2,106.93,65.85,0
3873,2025-11-02,1204,EU,NL,retail,Electronics,2,485.34,435.06,0
3874,2025-11-02,1187,North America,MX,web,Grocery,1,26.52,23.51,0
3875,2025-11-03,586,EU,IT,web,Beauty,1,32.16,15.96,0
3876,2025-11-03,406,APAC,JP,web,Fashion,4,220.91,113.59,0
3877,2025-11-03,1411,EU,IT,app,Books,1,18.25,13.89,0
3878,2025-11-03,287,LATAM,BR,web,Books,1,22.6,17.71,0
3879,2025-11-03,205,LATAM,CL,app,Fashion,5,229.58,136.85,0
3880,2025-11-03,411,APAC,JP,retail,Grocery,1,23.71,21.84,0
3881,2025-11-03,999,APAC,SG,web,Books,1,16.12,10.76,0
3882,2025-11-03,1136,EU,FR,web,Electronics,2,436.71,327.78,0
3883,2025-11-03,1147,APAC,JP,app,Toys,1,34.63,22.12,0
3884,2025-11-03,385,APAC,AU,web,Home,1,89.39,65.13,0
3885,2025-11-04,520,EU,ES,web,Beauty,2,72.27,34.32,0
3886,2025-11-04,917,North America,CA,partner,Grocery,2,41.73,35.92,0
3887,2025-11-04,1008,APAC,JP,web,Sports,4,271.94,182.77,0
3888,2025-11-04,1036,LATAM,BR,app,Toys,2,47.96,28.45,0
3889,2025-11-04,1353,North America,MX,app,Toys,1,32.8,19.55,0
3890,2025-11-04,1457,EU,GB,partner,Books,5,67.07,45.59,0
3891,2025-11-04,611,EU,DE,retail,Toys,4,100.82,65.98,0
3892,2025-11-04,483,North America,MX,web,Electronics,1,242.55,194.1,0
3893,2025-11-04,932,North America,US,web,Home,4,411.47,283.36,0
3894,2025-11-04,1019,North America,US,app,Beauty,1,43.37,19.28,0
3895,2025-11-04,947,APAC,KR,retail,Electronics,4,1203.29,988.89,0
3896,2025-11-05,390,EU,FR,web,Electronics,1,287.1,249.77,0
3897,2025-11-05,440,North America,CA,web,Sports,2,117.05,77.81,0
3898,2025-11-05,308,North America,MX,retail,Books,1,17.99,11.72,0
3899,2025-11-05,202,APAC,IN,retail,Books,1,13.51,10.43,0
3900,2025-11-05,1143,APAC,AU,web,Electronics,1,246.57,207.48,0
3901,2025-11-05,785,North America,MX,retail,Home,5,409.34,273.48,0
3902,2025-11-05,626,APAC,IN,web,Beauty,3,87.88,45.05,0
3903,2025-11-05,948,North America,US,app,Grocery,3,79.88,71.16,0
3904,2025-11-05,443,APAC,KR,web,Home,1,80.31,53.43,0
3905,2025-11-05,102,North America,US,retail,Fashion,1,59.81,35.93,0
3906,2025-11-05,1065,North America,CA,web,Sports,1,86.25,56.28,0
3907,2025-11-06,1038,APAC,JP,app,Sports,1,49.25,31.18,0
3908,2025-11-06,471,EU,ES,web,Home,1,67.81,50.4,0
3909,2025-11-06,364,EU,PL,web,Electronics,3,536.03,420.52,0
3910,2025-11-06,757,APAC,KR,retail,Beauty,1,33.07,17.39,0
3911,2025-11-06,715,EU,NL,retail,Fashion,4,264.68,159.63,0
3912,2025-11-06,345,North America,US,partner,Toys,1,36.19,20.26,0
3913,2025-11-06,554,LATAM,BR,app,Sports,1,87.6,56.67,0
3914,2025-11-06,1472,LATAM,CL,app,Home,1,61.66,38.02,0
3915,2025-11-06,711,LATAM,CO,web,Grocery,1,28.75,24.58,0
3916,2025-11-06,151,North America,MX,app,Toys,1,25.58,16.68,0
3917,2025-11-06,296,LATAM,CL,web,Toys,1,23.18,14.09,0
3918,2025-11-06,1173,EU,ES,retail,Toys,1,34.69,19.82,0
3919,2025-11-06,1060,North America,MX,retail,Beauty,2,61.07,30.37,0
3920,2025-11-06,575,North America,US,app,Electronics,6,1597.98,1231.82,0
3921,2025-11-06,114,APAC,KR,web,Fashion,1,58.78,33.81,0
3922,2025-11-06,1284,North America,US,partner,Electronics,2,614.86,464.83,0
3923,2025-11-07,314,EU,GB,web,Grocery,1,28.5,24.34,0
3924,2025-11-07,985,North America,US,partner,Grocery,1,25.42,20.17,0
3925,2025-11-07,82,EU,GB,web,Grocery,1,31.84,24.76,0
3926,2025-11-07,1192,North America,CA,app,Toys,5,210.8,117.12,0
3927,2025-11-07,643,EU,ES,app,Toys,1,34.64,19.08,0
3928,2025-11-07,590,APAC,JP,web,Books,2,29.74,20.91,0
3929,2025-11-07,914,APAC,KR,app,Sports,2,178.72,122.52,0
3930,2025-11-07,916,EU,DE,retail,Electronics,4,926.83,760.18,0
3931,2025-11-07,1277,APAC,AU,app,Toys,1,36.02,23.31,0
3932,2025-11-07,1443,EU,DE,web,Books,1,18.86,13.06,0
3933,2025-11-07,721,APAC,KR,web,Beauty,1,42.6,18.52,0
3934,2025-11-07,1051,EU,FR,web,Fashion,1,75.43,37.98,0
3935,2025-11-07,216,North America,CA,app,Beauty,1,35.97,17.56,0
3936,2025-11-07,873,North America,MX,partner,Grocery,1,31.97,24.62,0
3937,2025-11-07,13,APAC,JP,web,Home,1,73.35,53.94,0
3938,2025-11-08,75,EU,NL,web,Toys,1,35.23,21.02,0
3939,2025-11-08,866,APAC,AU,web,Grocery,6,145.2,134.77,0
3940,2025-11-08,665,APAC,AU,web,Sports,3,246.12,156.55,0
3941,2025-11-08,104,North America,US,web,Beauty,1,32.21,16.02,0
3942,2025-11-08,573,EU,IT,web,Fashion,1,73.75,43.44,0
3943,2025-11-08,227,EU,PL,web,Sports,2,125.25,87.77,0
3944,2025-11-08,1053,North America,US,partner,Sports,4,294.14,189.68,0
3945,2025-11-08,462,APAC,JP,partner,Books,1,15.24,11.4,0
3946,2025-11-08,1304,North America,CA,app,Home,2,198.3,128.33,0
3947,2025-11-08,76,LATAM,CO,web,Beauty,1,44.81,22.64,0
3948,2025-11-08,995,EU,IT,web,Sports,2,165.9,106.85,0
3949,2025-11-08,32,EU,GB,retail,Books,6,118.77,84.16,0
3950,2025-11-08,131,APAC,AU,web,Toys,4,103.46,65.95,0
3951,2025-11-09,1289,North America,MX,web,Grocery,4,93.19,87.12,0
3952,2025-11-09,1162,North America,MX,partner,Sports,1,71.73,49.9,0
3953,2025-11-09,1135,EU,ES,web,Grocery,1,24.78,19.64,1
3954,2025-11-09,974,EU,ES,web,Books,1,13.14,10.39,0
3955,2025-11-09,114,APAC,KR,web,Toys,2,48.89,30.12,0
3956,2025-11-09,948,North America,US,retail,Grocery,1,24.5,20.33,0
3957,2025-11-09,473,North America,MX,web,Books,1,16.75,12.76,0
3958,2025-11-09,269,EU,PL,web,Beauty,1,43.53,21.86,0
3959,2025-11-09,415,North America,MX,web,Electronics,5,1305.72,1143.78,0
3960,2025-11-09,611,EU,DE,app,Fashion,5,372.04,218.4,0
3961,2025-11-09,718,EU,FR,web,Fashion,1,72.94,37.02,0
3962,2025-11-09,945,North America,US,partner,Grocery,6,166.7,127.65,0
3963,2025-11-09,1348,APAC,SG,retail,Grocery,1,21.77,17.44,0
3964,2025-11-09,1087,APAC,IN,web,Sports,4,299.74,177.56,0
3965,2025-11-09,472,EU,ES,web,Grocery,1,22.55,19.47,0
3966,2025-11-10,1116,EU,GB,app,Toys,5,165.65,96.0,0
3967,2025-11-10,1260,North America,MX,web,Fashion,1,78.98,42.96,0
3968,2025-11-10,1342,North America,US,web,Sports,7,633.06,451.48,0
3969,2025-11-10,32,EU,GB,retail,Fashion,5,347.79,207.72,0
3970,2025-11-10,736,North America,US,web,Books,1,21.12,14.3,0
3971,2025-11-10,1267,APAC,KR,app,Grocery,1,29.2,25.68,0
3972,2025-11-10,777,EU,IT,app,Books,1,16.3,11.9,0
3973,2025-11-10,1059,North America,MX,retail,Sports,1,98.34,69.79,0
3974,2025-11-10,133,APAC,SG,web,Home,1,70.26,47.69,0
3975,2025-11-10,1444,North America,CA,partner,Electronics,1,249.53,220.46,0
3976,2025-11-10,1249,North America,US,partner,Books,1,17.26,11.25,0
3977,2025-11-10,1047,EU,GB,web,Beauty,4,177.61,89.71,0
3978,2025-11-10,1312,EU,IT,retail,Sports,4,301.93,190.63,0
3979,2025-11-10,1269,North America,CA,web,Beauty,1,46.56,20.17,1
3980,2025-11-10,1064,North America,MX,app,Toys,1,41.05,23.92,0
3981,2025-11-11,982,North America,MX,web,Books,1,21.24,15.61,0
3982,2025-11-11,619,APAC,AU,partner,Books,1,22.73,14.76,0
3983,2025-11-11,1103,EU,GB,app,Electronics,1,263.07,200.69,0
3984,2025-11-11,546,North America,MX,retail,Books,1,21.17,14.68,0
3985,2025-11-11,486,APAC,AU,web,Beauty,1,30.05,15.23,1
3986,2025-11-11,745,North America,US,web,Beauty,1,43.18,22.6,0
3987,2025-11-11,1417,EU,ES,web,Fashion,1,74.61,37.4,0
3988,2025-11-11,548,APAC,SG,retail,Fashion,1,77.18,45.15,0
3989,2025-11-11,491,North America,US,web,Sports,2,164.7,114.22,0
3990,2025-11-11,1113,North America,US,app,Fashion,1,81.31,44.21,0
3991,2025-11-11,1327,APAC,IN,partner,Fashion,1,70.09,40.89,0
3992,2025-11-11,1266,EU,PL,web,Fashion,4,208.64,116.72,0
3993,2025-11-11,315,EU,NL,web,Electronics,1,263.6,196.06,0
3994,2025-11-11,28,APAC,IN,app,Books,5,73.02,56.9,0
3995,2025-11-11,1411,EU,IT,app,Electronics,1,265.33,212.86,0
3996,2025-11-11,1210,EU,ES,web,Toys,1,21.32,12.96,0
3997,2025-11-12,1426,LATAM,CO,app,Toys,1,30.74,18.5,0
3998,2025-11-12,42,APAC,IN,retail,Fashion,1,63.0,32.67,0
3999,2025-11-12,1185,EU,FR,web,Toys,4,136.29,73.97,0
4000,2025-11-12,448,North America,MX,web,Grocery,2,65.81,61.27,0
4001,2025-11-12,1157,LATAM,CO,web,Sports,2,116.23,77.76,0
4002,2025-11-12,1022,EU,FR,web,Sports,1,56.22,37.28,0
4003,2025-11-12,1195,APAC,AU,partner,Home,2,217.71,151.43,0
4004,2025-11-12,1452,North America,US,web,Fashion,2,161.99,87.38,0
4005,2025-11-12,942,EU,ES,partner,Fashion,3,131.3,69.09,0
4006,2025-11-12,525,North America,MX,app,Home,2,137.27,96.39,0
4007,2025-11-12,784,LATAM,CL,app,Sports,1,76.03,46.31,0
4008,2025-11-12,921,EU,NL,web,Fashion,2,100.55,57.08,0
4009,2025-11-12,1422,APAC,JP,web,Home,1,72.15,53.11,0
4010,2025-11-12,485,APAC,KR,web,Beauty,4,107.52,55.43,0
4011,2025-11-12,1075,North America,MX,app,Toys,3,73.55,41.64,0
4012,2025-11-13,432,APAC,JP,web,Sports,2,125.14,85.91,0
4013,2025-11-13,1488,North America,CA,web,Beauty,1,42.07,22.05,1
4014,2025-11-13,1441,EU,PL,web,Beauty,4,132.36,63.13,0
4015,2025-11-13,466,LATAM,CO,web,Sports,4,201.51,126.9,0
4016,2025-11-13,620,North America,CA,app,Grocery,1,27.42,22.05,0
4017,2025-11-13,596,EU,NL,app,Home,3,184.67,137.9,0
4018,2025-11-13,1439,APAC,JP,web,Electronics,1,168.38,149.1,0
4019,2025-11-13,1182,North America,MX,app,Beauty,5,181.19,91.75,1
4020,2025-11-13,199,APAC,JP,retail,Beauty,1,42.43,22.31,0
4021,2025-11-13,126,North America,CA,app,Grocery,4,89.65,80.48,0
4022,2025-11-13,1364,North America,CA,app,Toys,1,33.92,20.67,0
4023,2025-11-13,1114,LATAM,CL,retail,Books,4,63.2,47.01,0
4024,2025-11-13,531,EU,FR,web,Grocery,1,23.82,21.23,0
4025,2025-11-13,183,APAC,KR,web,Fashion,1,65.27,32.46,0
4026,2025-11-13,1053,North America,US,retail,Home,4,393.06,273.16,0
4027,2025-11-13,1317,LATAM,BR,web,Books,1,22.58,17.14,0
4028,2025-11-13,817,North America,CA,app,Grocery,3,69.15,59.34,0
4029,2025-11-13,568,North America,US,app,Toys,1,32.97,20.55,0
4030,2025-11-14,581,EU,ES,web,Grocery,5,98.81,91.72,0
4031,2025-11-14,1244,APAC,JP,web,Electronics,2,384.16,320.7,0
4032,2025-11-14,1054,North America,US,web,Toys,1,30.73,18.13,0
4033,2025-11-14,817,North America,CA,retail,Books,1,15.66,10.46,0
4034,2025-11-14,212,APAC,AU,web,Beauty,1,41.97,20.47,0
4035,2025-11-14,290,North America,US,web,Sports,4,260.84,155.75,0
4036,2025-11-14,85,EU,FR,app,Sports,4,326.8,199.56,0
4037,2025-11-14,1462,APAC,IN,web,Sports,1,79.82,48.78,0
4038,2025-11-14,541,North America,US,web,Beauty,1,36.81,17.73,0
4039,2025-11-14,101,APAC,AU,app,Grocery,1,32.11,26.98,0
4040,2025-11-14,425,North America,MX,web,Sports,3,168.55,100.23,0
4041,2025-11-14,1092,North America,CA,web,Books,3,44.38,31.21,0
4042,2025-11-14,773,North America,MX,app,Books,5,127.05,82.94,0
4043,2025-11-14,868,EU,ES,retail,Fashion,1,43.15,23.73,0
4044,2025-11-15,1393,LATAM,CO,app,Electronics,2,396.81,349.35,0
4045,2025-11-15,101,APAC,AU,web,Home,1,103.75,72.37,0
4046,2025-11-15,1311,EU,FR,web,Electronics,1,234.7,185.53,0
4047,2025-11-15,1331,EU,ES,retail,Sports,1,57.89,36.34,0
4048,2025-11-15,197,EU,NL,web,Beauty,2,56.01,26.53,0
4049,2025-11-15,909,EU,NL,web,Sports,1,82.19,52.88,0
4050,2025-11-15,1423,EU,GB,web,Fashion,1,48.6,25.18,0
4051,2025-11-15,242,EU,ES,retail,Beauty,1,44.29,19.82,0
4052,2025-11-15,1160,North America,MX,web,Toys,2,58.52,36.3,0
4053,2025-11-15,1148,APAC,KR,web,Fashion,3,186.41,105.25,0
4054,2025-11-15,1456,EU,DE,app,Fashion,2,115.84,63.2,0
4055,2025-11-15,236,LATAM,AR,web,Sports,4,321.92,228.78,0
4056,2025-11-15,1287,North America,CA,retail,Toys,1,26.99,16.35,0
4057,2025-11-15,1234,EU,ES,web,Home,1,91.18,60.02,0
4058,2025-11-15,601,EU,PL,web,Electronics,2,545.8,485.17,0
4059,2025-11-15,332,North America,CA,web,Fashion,2,129.94,76.69,0
4060,2025-11-16,32,EU,GB,web,Beauty,4,136.16,61.89,1
4061,2025-11-16,1039,North America,US,web,Electronics,1,215.97,165.17,0
4062,2025-11-16,692,EU,PL,web,Fashion,2,132.66,70.77,0
4063,2025-11-16,152,APAC,IN,app,Fashion,4,239.68,124.37,0
4064,2025-11-16,46,LATAM,BR,retail,Electronics,1,278.36,237.58,0
4065,2025-11-16,833,North America,US,app,Toys,2,48.3,29.18,0
4066,2025-11-16,1175,North America,CA,app,Electronics,5,1247.87,929.22,0
4067,2025-11-16,644,North America,MX,web,Books,4,93.65,69.04,0
4068,2025-11-16,604,North America,MX,web,Electronics,1,238.65,180.66,0
4069,2025-11-16,1448,EU,NL,web,Home,1,61.1,40.67,0
4070,2025-11-16,445,North America,US,web,Fashion,2,140.38,70.03,0
4071,2025-11-16,552,APAC,IN,app,Sports,1,74.35,52.93,0
4072,2025-11-16,670,North America,CA,web,Electronics,2,590.63,527.26,0
4073,2025-11-16,141,EU,IT,web,Sports,4,212.95,149.25,0
4074,2025-11-16,623,LATAM,CO,web,Home,1,64.09,46.87,0
4075,2025-11-16,1351,North America,US,app,Grocery,1,34.68,29.88,0
4076,2025-11-17,410,EU,NL,partner,Books,1,17.07,13.04,0
4077,2025-11-17,1115,EU,GB,retail,Beauty,1,44.26,21.51,0
4078,2025-11-17,770,North America,CA,partner,Home,1,110.95,72.16,0
4079,2025-11-17,574,EU,IT,retail,Electronics,1,304.17,242.46,0
4080,2025-11-17,1335,EU,ES,web,Beauty,1,36.37,15.83,0
4081,2025-11-17,222,North America,CA,retail,Home,1,74.86,50.51,0
4082,2025-11-17,664,North America,MX,app,Grocery,1,35.61,30.82,0
4083,2025-11-17,728,EU,NL,partner,Toys,2,50.21,28.1,0
4084,2025-11-17,811,North America,US,retail,Sports,5,354.17,209.54,0
4085,2025-11-17,1308,North America,MX,web,Grocery,1,25.61,21.7,0
4086,2025-11-17,863,EU,PL,web,Beauty,1,26.39,13.87,0
4087,2025-11-17,329,EU,GB,web,Toys,1,24.19,14.6,0
4088,2025-11-17,345,North America,US,app,Sports,1,73.5,50.7,0
4089,2025-11-17,328,EU,IT,retail,Beauty,2,59.5,26.25,0
4090,2025-11-18,739,APAC,JP,web,Grocery,3,97.13,89.89,0
4091,2025-11-18,1078,LATAM,CL,web,Beauty,1,35.91,17.0,0
4092,2025-11-18,743,North America,US,app,Toys,1,34.69,19.94,0
4093,2025-11-18,855,EU,FR,app,Fashion,4,251.64,146.05,0
4094,2025-11-18,1302,North America,CA,web,Fashion,6,381.12,225.27,0
4095,2025-11-18,351,North America,US,web,Books,4,65.95,43.75,0
4096,2025-11-18,75,EU,NL,retail,Grocery,4,105.44,97.86,0
4097,2025-11-18,324,EU,PL,web,Home,1,88.31,60.46,0
4098,2025-11-18,115,North America,CA,partner,Toys,1,23.7,13.0,0
4099,2025-11-18,754,North America,US,web,Fashion,1,55.44,31.47,0
4100,2025-11-18,300,APAC,KR,app,Sports,3,148.54,90.79,0
4101,2025-11-18,1372,EU,FR,web,Fashion,1,74.37,38.91,1
4102,2025-11-18,1306,LATAM,CL,retail,Beauty,2,57.55,29.33,0
4103,2025-11-18,365,North America,US,web,Toys,4,98.11,61.44,0
4104,2025-11-18,772,North America,CA,retail,Beauty,5,148.79,70.72,0
4105,2025-11-19,346,North America,US,retail,Toys,4,101.36,64.54,0
4106,2025-11-19,577,LATAM,CL,retail,Fashion,1,71.42,39.54,0
4107,2025-11-19,205,LATAM,CL,partner,Home,1,74.08,52.63,0
4108,2025-11-19,4,EU,GB,app,Books,4,64.58,43.46,0
4109,2025-11-19,1073,EU,ES,partner,Home,4,388.18,258.01,0
4110,2025-11-19,643,EU,ES,app,Grocery,1,26.19,24.31,0
4111,2025-11-19,873,North America,MX,web,Grocery,1,34.8,27.33,0
4112,2025-11-19,393,North America,US,app,Home,4,465.94,344.47,0
4113,2025-11-19,1303,APAC,JP,web,Beauty,1,38.57,18.3,0
4114,2025-11-19,1171,EU,FR,web,Electronics,2,377.39,294.8,0
4115,2025-11-19,267,North America,US,retail,Grocery,4,102.67,83.84,0
4116,2025-11-19,141,EU,IT,web,Home,5,364.21,238.79,0
4117,2025-11-20,726,EU,IT,retail,Beauty,2,90.42,47.34,0
4118,2025-11-20,450,EU,NL,web,Electronics,3,926.27,810.58,0
4119,2025-11-20,1456,EU,DE,retail,Sports,1,90.49,56.05,0
4120,2025-11-20,761,APAC,AU,retail,Grocery,4,89.99,70.18,0
4121,2025-11-20,217,APAC,JP,app,Home,2,213.35,156.04,0
4122,2025-11-20,772,North America,CA,web,Toys,4,158.59,97.74,0
4123,2025-11-20,210,APAC,KR,web,Grocery,1,28.56,24.75,0
4124,2025-11-20,1228,North America,CA,partner,Fashion,1,62.72,36.85,0
4125,2025-11-20,549,APAC,KR,app,Sports,4,330.61,217.81,0
4126,2025-11-20,448,North America,MX,app,Home,1,84.53,60.8,0
4127,2025-11-20,1431,EU,PL,web,Electronics,4,773.04,625.84,0
4128,2025-11-20,845,North America,MX,web,Toys,1,32.22,20.14,0
4129,2025-11-20,1027,North America,CA,retail,Beauty,1,30.43,15.16,0
4130,2025-11-20,1132,EU,IT,partner,Beauty,2,89.06,41.69,0
4131,2025-11-20,1222,EU,PL,web,Fashion,5,294.33,175.97,0
4132,2025-11-21,1027,North America,CA,partner,Toys,1,36.37,23.16,0
4133,2025-11-21,371,EU,IT,partner,Beauty,1,33.91,16.75,0
4134,2025-11-21,1080,North America,US,web,Grocery,1,29.13,22.63,0
4135,2025-11-21,1447,North America,CA,retail,Toys,1,27.76,18.09,0
4136,2025-11-21,166,North America,MX,app,Sports,2,173.57,115.1,0
4137,2025-11-21,2,EU,FR,app,Fashion,1,66.2,39.82,0
4138,2025-11-21,568,North America,US,app,Toys,1,30.29,16.76,0
4139,2025-11-21,316,North America,MX,web,Books,1,23.11,16.68,0
4140,2025-11-21,951,North America,CA,partner,Books,4,81.59,57.29,0
4141,2025-11-21,180,North America,CA,app,Sports,1,60.7,42.31,0
4142,2025-11-21,787,APAC,SG,web,Sports,1,75.47,49.54,0
4143,2025-11-21,622,EU,PL,retail,Sports,1,50.86,33.34,0
4144,2025-11-21,667,North America,CA,app,Electronics,1,230.54,182.35,0
4145,2025-11-21,747,North America,US,retail,Toys,1,32.59,20.24,0
4146,2025-11-22,532,North America,US,app,Sports,1,79.83,48.83,0
4147,2025-11-22,1277,APAC,AU,app,Home,1,63.08,41.51,0
4148,2025-11-22,789,North America,MX,app,Books,1,14.88,10.11,0
4149,2025-11-22,389,North America,US,web,Beauty,1,33.2,14.69,0
4150,2025-11-22,1369,APAC,JP,retail,Beauty,3,120.4,59.35,0
4151,2025-11-22,736,North America,US,partner,Electronics,1,279.59,210.74,0
4152,2025-11-22,1265,EU,FR,web,Toys,1,38.02,20.7,0
4153,2025-11-22,640,EU,DE,retail,Books,1,19.07,12.47,1
4154,2025-11-22,392,North America,US,retail,Books,1,23.28,18.33,0
4155,2025-11-22,349,APAC,KR,partner,Sports,1,65.07,41.6,0
4156,2025-11-22,147,North America,MX,web,Books,1,19.67,14.98,0
4157,2025-11-22,1005,North America,MX,web,Books,1,24.46,17.7,0
4158,2025-11-22,352,APAC,IN,app,Sports,1,72.67,44.63,0
4159,2025-11-22,701,EU,DE,web,Fashion,5,358.33,192.83,0
4160,2025-11-23,973,North America,US,partner,Toys,1,30.37,18.98,0
4161,2025-11-23,163,North America,US,partner,Home,6,603.6,378.94,0
4162,2025-11-23,874,North America,CA,web,Books,5,116.71,92.16,0
4163,2025-11-23,1107,North America,MX,web,Books,4,77.81,55.74,0
4164,2025-11-23,761,APAC,AU,web,Toys,4,120.54,69.22,0
4165,2025-11-23,947,APAC,KR,app,Toys,1,24.0,13.42,0
4166,2025-11-23,1450,EU,DE,retail,Toys,4,116.94,68.6,0
4167,2025-11-23,1013,EU,GB,partner,Beauty,3,135.15,67.0,0
4168,2025-11-23,365,North America,US,app,Fashion,5,425.67,224.17,0
4169,2025-11-23,873,North America,MX,web,Electronics,3,869.89,728.48,0
4170,2025-11-23,1075,North America,MX,app,Sports,1,96.26,63.11,0
4171,2025-11-23,542,North America,CA,app,Books,1,21.12,14.22,0
4172,2025-11-23,173,LATAM,AR,app,Electronics,5,943.69,758.79,0
4173,2025-11-23,1495,North America,US,app,Fashion,1,67.78,36.12,0
4174,2025-11-23,643,EU,ES,web,Electronics,1,193.73,166.85,0
4175,2025-11-23,442,North America,US,web,Toys,1,26.72,15.2,0
4176,2025-11-24,469,North America,US,web,Fashion,4,203.02,109.08,0
4177,2025-11-24,1491,LATAM,CO,app,Books,1,23.26,16.8,0
4178,2025-11-24,1427,EU,NL,partner,Sports,1,49.86,33.25,0
4179,2025-11-24,746,North America,MX,retail,Fashion,4,340.23,170.21,0
4180,2025-11-24,1452,North America,US,app,Home,1,113.02,73.6,0
4181,2025-11-24,501,North America,CA,retail,Beauty,4,189.48,82.01,0
4182,2025-11-24,1220,LATAM,CL,web,Books,2,44.57,34.92,0
4183,2025-11-24,574,EU,IT,app,Sports,2,159.2,102.07,0
4184,2025-11-24,96,North America,MX,web,Books,4,57.21,40.56,0
4185,2025-11-24,605,EU,IT,web,Sports,4,275.52,177.15,0
4186,2025-11-24,1101,EU,GB,web,Electronics,1,253.64,189.51,0
4187,2025-11-25,399,EU,IT,partner,Books,1,14.78,11.19,0
4188,2025-11-25,1295,EU,ES,web,Fashion,1,45.64,25.94,0
4189,2025-11-25,1300,APAC,KR,partner,Books,2,25.47,18.75,0
4190,2025-11-25,834,North America,CA,app,Grocery,1,27.32,22.36,0
4191,2025-11-25,1109,APAC,KR,web,Fashion,1,73.04,39.0,0
4192,2025-11-25,741,North America,MX,retail,Fashion,1,82.12,44.27,0
4193,2025-11-25,550,North America,MX,partner,Home,1,69.47,46.42,0
4194,2025-11-25,180,North America,CA,web,Books,2,31.76,21.75,0
4195,2025-11-25,36,North America,US,app,Books,3,60.85,43.0,0
4196,2025-11-25,1362,North America,CA,web,Grocery,2,60.27,49.91,0
4197,2025-11-25,142,APAC,KR,retail,Fashion,4,205.05,118.84,0
4198,2025-11-25,806,North America,CA,retail,Sports,2,192.63,136.29,0
4199,2025-11-26,148,APAC,IN,app,Fashion,1,66.64,37.25,0
4200,2025-11-26,1326,APAC,AU,partner,Sports,5,246.42,169.25,0
4201,2025-11-26,964,North America,MX,retail,Sports,2,144.56,96.19,0
4202,2025-11-26,824,North America,MX,app,Fashion,4,277.86,138.83,0
4203,2025-11-26,1399,LATAM,BR,web,Books,4,60.77,46.95,0
4204,2025-11-26,961,APAC,KR,web,Beauty,1,24.99,10.91,0
4205,2025-11-26,157,North America,MX,retail,Books,1,14.9,11.61,0
4206,2025-11-26,388,LATAM,CL,app,Electronics,5,1473.4,1268.91,0
4207,2025-11-26,578,EU,IT,web,Home,1,108.03,72.08,0
4208,2025-11-27,1276,LATAM,BR,app,Fashion,1,59.66,34.78,0
4209,2025-11-27,523,APAC,KR,app,Books,2,35.35,26.94,0
4210,2025-11-27,1141,APAC,IN,web,Electronics,1,301.49,256.48,0
4211,2025-11-27,1154,APAC,AU,app,Toys,6,150.4,84.81,0
4212,2025-11-27,924,EU,PL,web,Electronics,1,267.74,209.62,0
4213,2025-11-27,1308,North America,MX,app,Books,2,48.42,34.04,0
4214,2025-11-27,591,EU,ES,app,Toys,1,26.14,15.98,0
4215,2025-11-27,700,EU,IT,web,Sports,2,106.92,66.13,0
4216,2025-11-27,1151,APAC,SG,partner,Home,1,100.39,71.88,0
4217,2025-11-27,396,LATAM,CL,app,Home,1,103.82,72.72,0
4218,2025-11-27,837,LATAM,CO,retail,Toys,1,31.53,19.64,0
4219,2025-11-27,1495,North America,US,web,Beauty,2,90.06,44.88,0
4220,2025-11-27,1292,North America,CA,web,Toys,1,26.59,17.53,0
4221,2025-11-28,701,EU,DE,web,Home,4,344.55,218.31,0
4222,2025-11-28,1172,North America,MX,app,Toys,1,35.73,22.72,0
4223,2025-11-28,77,APAC,IN,partner,Fashion,4,240.97,144.79,1
4224,2025-11-28,712,EU,FR,web,Toys,4,128.54,78.49,0
4225,2025-11-28,1181,LATAM,CL,web,Fashion,1,71.57,40.46,0
4226,2025-11-28,211,North America,MX,retail,Home,2,177.64,111.59,0
4227,2025-11-28,1092,North America,CA,web,Books,1,19.4,14.4,0
4228,2025-11-28,497,EU,FR,web,Toys,2,58.61,37.56,0
4229,2025-11-28,1077,EU,PL,partner,Sports,4,264.84,176.09,1
4230,2025-11-28,150,EU,ES,app,Beauty,1,35.9,17.44,0
4231,2025-11-28,271,North America,US,partner,Home,4,450.14,321.88,0
4232,2025-11-28,448,North America,MX,web,Books,1,24.6,17.1,0
4233,2025-11-28,52,EU,NL,retail,Fashion,3,211.09,117.32,0
4234,2025-11-28,20,EU,DE,retail,Electronics,1,253.79,227.88,0
4235,2025-11-28,1086,APAC,IN,web,Sports,3,240.37,142.47,0
4236,2025-11-28,383,North America,MX,web,Grocery,1,19.3,17.39,0
4237,2025-11-28,40,North America,MX,web,Sports,1,82.79,48.66,0
4238,2025-11-29,916,EU,DE,web,Grocery,4,105.44,91.85,0
4239,2025-11-29,1451,North America,MX,web,Sports,1,98.14,66.85,0
4240,2025-11-29,1274,North America,CA,retail,Books,1,18.83,12.27,0
4241,2025-11-29,1463,North America,MX,web,Electronics,1,300.55,264.42,0
4242,2025-11-29,701,EU,DE,web,Sports,4,312.54,213.49,1
4243,2025-11-29,1007,LATAM,CL,app,Home,1,87.15,64.56,0
4244,2025-11-29,469,North America,US,partner,Books,4,91.53,64.47,0
4245,2025-11-29,679,North America,US,retail,Toys,4,159.42,91.98,0
4246,2025-11-29,1480,EU,NL,app,Beauty,1,33.77,16.74,0
4247,2025-11-29,700,EU,IT,app,Home,1,84.47,59.36,0
4248,2025-11-29,72,North America,CA,partner,Beauty,1,45.06,22.79,0
4249,2025-11-29,1229,EU,FR,web,Beauty,1,26.48,13.21,0
4250,2025-11-29,1350,North America,CA,app,Books,1,14.34,11.32,0
4251,2025-11-29,1122,APAC,SG,web,Fashion,1,69.34,40.86,0
4252,2025-11-29,33,APAC,JP,retail,Grocery,5,91.16,72.25,0
4253,2025-11-29,1113,North America,US,app,Sports,2,118.83,72.15,0
4254,2025-11-29,437,EU,FR,web,Books,1,22.42,14.78,0
4255,2025-11-30,368,North America,US,retail,Home,1,84.62,60.67,0
4256,2025-11-30,349,APAC,KR,web,Home,1,60.22,37.8,0
4257,2025-11-30,1092,North America,CA,web,Fashion,1,84.47,47.15,0
4258,2025-11-30,509,EU,PL,app,Grocery,1,27.97,25.81,0
4259,2025-11-30,922,EU,ES,retail,Fashion,1,68.73,40.7,0
4260,2025-11-30,669,North America,CA,app,Fashion,2,122.03,63.01,1
4261,2025-11-30,498,APAC,AU,web,Home,1,93.57,64.89,0
4262,2025-11-30,452,APAC,IN,web,Home,3,304.61,189.52,0
4263,2025-11-30,227,EU,PL,app,Books,1,14.19,10.07,0
4264,2025-11-30,122,North America,US,retail,Home,5,343.39,218.78,0
4265,2025-11-30,363,EU,ES,web,Home,1,74.05,52.0,0
4266,2025-11-30,1485,LATAM,CO,web,Grocery,2,37.18,31.96,0
4267,2025-11-30,460,EU,NL,web,Toys,4,97.22,60.2,1
4268,2025-12-01,613,LATAM,CO,web,Home,1,61.54,38.37,0
4269,2025-12-01,357,North America,CA,web,Grocery,3,59.33,50.54,0
4270,2025-12-01,586,EU,IT,app,Beauty,1,41.12,19.69,0
4271,2025-12-01,1439,APAC,JP,partner,Grocery,1,26.28,20.65,0
4272,2025-12-01,713,EU,IT,app,Books,1,13.01,8.66,0
4273,2025-12-01,267,North America,US,app,Home,5,564.22,375.59,0
4274,2025-12-01,781,LATAM,AR,partner,Books,4,55.94,38.11,0
4275,2025-12-01,1485,LATAM,CO,web,Fashion,1,47.73,28.19,1
4276,2025-12-01,955,LATAM,CL,partner,Sports,1,87.33,61.24,0
4277,2025-12-01,725,EU,FR,retail,Sports,1,86.26,58.0,0
4278,2025-12-01,538,North America,CA,app,Sports,2,148.74,105.1,0
4279,2025-12-01,1196,EU,GB,partner,Books,1,19.33,13.61,0
4280,2025-12-01,657,North America,US,web,Grocery,5,136.63,108.26,0
4281,2025-12-01,872,EU,DE,retail,Home,1,68.33,44.67,0
4282,2025-12-01,436,North America,US,web,Grocery,2,64.94,60.27,0
4283,2025-12-01,184,North America,CA,web,Books,2,29.42,19.93,0
4284,2025-12-02,338,North America,US,web,Beauty,5,179.09,83.73,0
4285,2025-12-02,1117,APAC,AU,retail,Grocery,1,20.08,16.85,0
4286,2025-12-02,648,APAC,KR,web,Electronics,1,272.18,238.51,0
4287,2025-12-02,1464,APAC,AU,app,Fashion,1,51.89,26.72,1
4288,2025-12-02,540,North America,US,partner,Beauty,1,48.27,20.97,0
4289,2025-12-02,958,North America,US,web,Books,2,41.46,27.06,0
4290,2025-12-02,332,North America,CA,app,Fashion,1,50.94,25.83,0
4291,2025-12-02,193,EU,ES,web,Fashion,4,185.79,94.16,0
4292,2025-12-02,816,North America,US,web,Grocery,4,85.16,76.4,0
4293,2025-12-02,1341,North America,CA,web,Electronics,1,238.32,209.72,0
4294,2025-12-02,310,EU,PL,web,Toys,1,21.03,12.82,0
4295,2025-12-02,1428,North America,US,partner,Sports,1,54.1,36.04,1
4296,2025-12-02,146,North America,US,app,Grocery,2,39.39,35.95,0
4297,2025-12-02,1193,LATAM,CO,web,Fashion,1,68.63,34.83,0
4298,2025-12-02,313,EU,DE,partner,Beauty,4,138.47,71.72,0
4299,2025-12-03,112,North America,MX,web,Fashion,1,47.94,28.36,0
4300,2025-12-03,1472,LATAM,CL,web,Fashion,1,46.64,23.17,0
4301,2025-12-03,408,APAC,IN,app,Electronics,4,1013.27,824.6,0
4302,2025-12-03,1128,EU,IT,web,Electronics,1,288.08,255.66,0
4303,2025-12-03,1382,North America,US,web,Books,1,18.04,13.0,0
4304,2025-12-03,367,APAC,JP,web,Grocery,1,21.28,17.98,0
4305,2025-12-03,280,EU,IT,partner,Beauty,1,36.61,17.05,0
4306,2025-12-03,109,North America,CA,partner,Home,1,101.9,74.53,0
4307,2025-12-03,52,EU,NL,web,Grocery,1,32.42,27.44,0
4308,2025-12-03,232,EU,FR,app,Electronics,1,277.72,242.31,0
4309,2025-12-03,896,North America,MX,web,Grocery,1,21.75,18.28,0
4310,2025-12-03,660,North America,MX,retail,Fashion,1,50.41,26.01,0
4311,2025-12-04,285,North America,US,web,Sports,4,367.1,254.53,0
4312,2025-12-04,693,LATAM,AR,web,Home,1,83.87,56.85,0
4313,2025-12-04,1464,APAC,AU,app,Books,2,34.69,25.52,0
4314,2025-12-04,1008,APAC,JP,web,Toys,5,181.04,111.73,0
4315,2025-12-04,808,EU,IT,partner,Grocery,5,156.45,135.54,0
4316,2025-12-04,402,EU,FR,web,Home,1,61.8,45.11,0
4317,2025-12-04,1074,EU,IT,app,Beauty,2,52.74,25.89,0
4318,2025-12-04,150,EU,ES,web,Fashion,1,55.44,29.18,0
4319,2025-12-04,123,EU,DE,web,Fashion,1,70.24,40.94,0
4320,2025-12-04,480,EU,IT,app,Electronics,1,295.68,264.76,0
4321,2025-12-04,148,APAC,IN,web,Fashion,1,55.96,28.97,0
4322,2025-12-04,1391,EU,NL,app,Home,2,149.07,98.6,0
4323,2025-12-04,931,EU,FR,web,Fashion,1,47.88,24.24,0
4324,2025-12-04,656,LATAM,CO,retail,Toys,4,147.64,79.78,0
4325,2025-12-04,1278,EU,NL,web,Grocery,1,19.98,17.17,0
4326,2025-12-05,159,EU,DE,retail,Beauty,1,29.0,14.34,0
4327,2025-12-05,1136,EU,FR,web,Electronics,1,227.38,199.97,0
4328,2025-12-05,961,APAC,KR,web,Electronics,2,415.79,325.3,0
4329,2025-12-05,1227,EU,FR,web,Home,1,91.39,58.72,0
4330,2025-12-05,371,EU,IT,app,Sports,1,88.58,58.06,0
4331,2025-12-05,492,LATAM,AR,app,Electronics,1,194.67,171.2,0
4332,2025-12-05,672,North America,CA,web,Toys,1,24.62,15.57,0
4333,2025-12-05,1458,North America,US,retail,Beauty,1,27.02,13.53,0
4334,2025-12-05,1297,EU,ES,app,Electronics,1,205.87,176.87,0
4335,2025-12-05,112,North America,MX,web,Electronics,2,455.51,379.28,0
4336,2025-12-05,832,North America,MX,app,Sports,1,66.99,42.16,0
4337,2025-12-05,483,North America,MX,retail,Toys,1,42.79,23.51,0
4338,2025-12-05,1045,North America,CA,retail,Sports,3,280.78,195.99,0
4339,2025-12-05,692,EU,PL,partner,Books,1,15.36,11.81,0
4340,2025-12-05,462,APAC,JP,web,Books,2,34.26,26.9,0
4341,2025-12-05,211,North America,MX,web,Sports,1,93.9,58.68,1
4342,2025-12-06,568,North America,US,web,Fashion,1,58.25,28.91,0
4343,2025-12-06,609,LATAM,CO,app,Beauty,2,77.14,35.17,0
4344,2025-12-06,1038,APAC,JP,web,Beauty,1,38.98,17.58,0
4345,2025-12-06,224,North America,MX,web,Electronics,1,299.15,241.36,0
4346,2025-12-06,131,APAC,AU,app,Electronics,4,1055.03,831.4,0
4347,2025-12-06,316,North America,MX,partner,Beauty,1,46.63,21.47,0
4348,2025-12-06,347,LATAM,CO,web,Books,2,34.23,22.62,0
4349,2025-12-06,418,APAC,JP,web,Beauty,4,127.33,58.85,0
4350,2025-12-06,929,EU,PL,app,Fashion,2,142.62,82.98,0
4351,2025-12-06,558,North America,MX,app,Sports,5,323.27,204.34,0
4352,2025-12-06,49,APAC,SG,app,Beauty,5,170.56,82.04,0
4353,2025-12-06,1236,North America,MX,web,Fashion,1,58.66,34.96,0
4354,2025-12-06,807,EU,FR,web,Electronics,4,1218.64,909.82,0
4355,2025-12-06,804,EU,NL,web,Electronics,1,239.09,176.91,0
4356,2025-12-07,715,EU,NL,web,Electronics,4,928.61,726.16,0
4357,2025-12-07,879,LATAM,CL,app,Books,1,14.78,11.29,0
4358,2025-12-07,1036,LATAM,BR,web,Electronics,1,182.37,139.7,0
4359,2025-12-07,1293,EU,PL,app,Fashion,1,64.18,38.82,0
4360,2025-12-07,479,LATAM,CL,web,Toys,1,33.27,21.58,0
4361,2025-12-07,688,North America,US,app,Sports,1,78.32,50.63,0
4362,2025-12-07,1206,EU,DE,app,Electronics,1,197.95,162.14,0
4363,2025-12-07,1003,North America,CA,app,Electronics,1,324.41,285.28,0
4364,2025-12-07,459,EU,PL,app,Books,1,15.13,11.1,0
4365,2025-12-07,1097,EU,NL,web,Electronics,1,252.14,208.36,0
4366,2025-12-07,930,North America,US,retail,Home,4,275.06,184.61,0
4367,2025-12-07,1458,North America,US,web,Beauty,1,38.62,19.71,0
4368,2025-12-07,780,EU,NL,partner,Fashion,2,131.14,77.21,0
4369,2025-12-07,511,North America,CA,web,Electronics,1,254.16,207.04,0
4370,2025-12-07,1105,EU,DE,app,Toys,1,33.92,19.76,0
4371,2025-12-07,853,EU,NL,app,Beauty,4,136.62,66.23,0
4372,2025-12-08,265,EU,NL,web,Home,2,189.8,117.9,0
4373,2025-12-08,140,APAC,IN,app,Sports,1,62.8,41.56,0
4374,2025-12-08,944,APAC,IN,app,Grocery,4,111.09,91.22,0
4375,2025-12-08,1256,EU,GB,app,Toys,4,126.01,71.83,0
4376,2025-12-08,1254,EU,DE,web,Electronics,1,292.54,241.09,0
4377,2025-12-08,751,LATAM,BR,web,Grocery,3,55.99,45.96,0
4378,2025-12-08,1137,APAC,KR,retail,Sports,1,82.86,52.69,0
4379,2025-12-08,53,North America,MX,web,Home,1,103.8,73.01,1
4380,2025-12-08,152,APAC,IN,web,Sports,4,208.88,146.97,0
4381,2025-12-08,1205,APAC,AU,web,Beauty,2,56.78,24.96,0
4382,2025-12-08,443,APAC,KR,web,Sports,1,67.44,45.91,0
4383,2025-12-08,205,LATAM,CL,app,Electronics,4,976.63,736.95,0
4384,2025-12-08,1206,EU,DE,app,Beauty,1,39.76,17.85,0
4385,2025-12-08,232,EU,FR,retail,Grocery,1,29.92,27.7,0
4386,2025-12-09,662,North America,US,web,Toys,1,31.89,18.48,0
4387,2025-12-09,98,APAC,KR,app,Books,1,13.8,10.37,0
4388,2025-12-09,1372,EU,FR,web,Fashion,1,60.82,36.56,0
4389,2025-12-09,623,LATAM,CO,app,Beauty,1,39.16,18.11,0
4390,2025-12-09,828,APAC,AU,app,Books,6,121.08,88.44,0
4391,2025-12-09,843,APAC,KR,partner,Fashion,4,219.56,121.92,0
4392,2025-12-09,503,LATAM,CL,retail,Sports,4,260.68,164.51,0
4393,2025-12-09,293,North America,CA,retail,Sports,1,61.84,38.71,0
4394,2025-12-09,1167,North America,US,web,Beauty,1,38.74,16.94,0
4395,2025-12-09,1020,EU,IT,web,Electronics,4,1205.26,907.69,0
4396,2025-12-09,1204,EU,NL,retail,Books,2,25.64,18.99,0
4397,2025-12-09,1135,EU,ES,app,Books,2,32.65,21.58,0
4398,2025-12-09,885,North America,MX,web,Books,1,18.34,13.94,0
4399,2025-12-09,477,EU,FR,web,Grocery,2,47.45,37.4,0
4400,2025-12-09,1200,EU,ES,web,Books,1,17.4,11.75,0
4401,2025-12-10,224,North America,MX,app,Electronics,1,253.06,209.18,0
4402,2025-12-10,1384,EU,GB,app,Fashion,4,303.05,170.8,0
4403,2025-12-10,370,North America,MX,app,Fashion,4,332.59,195.18,0
4404,2025-12-10,1042,LATAM,BR,web,Fashion,3,165.13,96.05,0
4405,2025-12-10,1393,LATAM,CO,retail,Electronics,2,457.11,344.21,1
4406,2025-12-10,1034,North America,MX,app,Toys,1,27.71,18.03,0
4407,2025-12-10,283,North America,MX,app,Sports,4,251.04,169.95,0
4408,2025-12-10,491,North America,US,web,Sports,1,59.78,39.93,0
4409,2025-12-10,883,EU,FR,app,Books,1,13.89,10.59,0
4410,2025-12-10,1276,LATAM,BR,partner,Home,1,68.66,45.16,0
4411,2025-12-10,214,EU,DE,retail,Electronics,3,596.37,500.79,0
4412,2025-12-10,1361,EU,ES,web,Toys,2,66.55,38.12,0
4413,2025-12-11,1369,APAC,JP,app,Sports,2,153.36,105.68,0
4414,2025-12-11,613,LATAM,CO,web,Sports,1,82.12,53.88,0
4415,2025-12-11,407,North America,US,web,Electronics,1,308.29,271.33,0
4416,2025-12-11,1306,LATAM,CL,partner,Books,2,43.04,28.98,0
4417,2025-12-11,765,APAC,AU,partner,Electronics,1,302.96,239.86,0
4418,2025-12-11,1411,EU,IT,web,Grocery,1,22.3,18.65,0
4419,2025-12-11,765,APAC,AU,web,Sports,1,67.79,47.11,0
4420,2025-12-11,306,EU,GB,retail,Beauty,1,33.45,15.96,0
4421,2025-12-11,1370,EU,PL,retail,Beauty,5,211.88,99.81,0
4422,2025-12-11,626,APAC,IN,web,Fashion,2,151.44,77.73,0
4423,2025-12-11,317,North America,MX,web,Fashion,1,51.89,30.27,0
4424,2025-12-11,1147,APAC,JP,web,Toys,3,112.66,71.93,0
4425,2025-12-12,462,APAC,JP,web,Beauty,1,25.94,13.31,0
4426,2025-12-12,269,EU,PL,app,Beauty,1,35.89,17.22,0
4427,2025-12-12,219,North America,MX,web,Home,1,109.51,68.81,0
4428,2025-12-12,1210,EU,ES,web,Fashion,1,49.36,26.2,0
4429,2025-12-12,195,APAC,SG,partner,Home,4,438.88,321.58,1
4430,2025-12-12,654,EU,DE,partner,Books,1,19.98,13.45,0
4431,2025-12-12,262,North America,MX,app,Books,2,44.92,29.93,0
4432,2025-12-12,66,EU,NL,app,Books,4,72.09,48.48,0
4433,2025-12-13,164,North America,MX,app,Grocery,1,27.03,24.11,0
4434,2025-12-13,510,LATAM,BR,retail,Grocery,1,22.87,18.6,0
4435,2025-12-13,663,EU,FR,web,Fashion,2,98.12,59.18,1
4436,2025-12-13,934,EU,DE,app,Home,4,423.59,289.56,1
4437,2025-12-13,832,North America,MX,app,Sports,4,399.83,246.06,0
4438,2025-12-13,887,EU,NL,app,Grocery,1,21.84,19.1,0
4439,2025-12-13,1054,North America,US,web,Books,2,37.0,28.45,0
4440,2025-12-13,553,LATAM,CL,app,Fashion,1,67.84,34.6,0
4441,2025-12-13,152,APAC,IN,app,Beauty,5,159.29,75.67,0
4442,2025-12-13,42,APAC,IN,app,Sports,1,90.59,59.36,0
4443,2025-12-13,843,APAC,KR,partner,Grocery,7,172.97,143.21,0
4444,2025-12-13,779,North America,US,app,Grocery,1,32.35,27.61,0
4445,2025-12-13,1425,LATAM,BR,app,Sports,1,89.74,61.4,0
4446,2025-12-13,1389,North America,CA,app,Electronics,1,328.71,257.14,0
4447,2025-12-14,796,APAC,SG,app,Grocery,2,58.59,45.09,0
4448,2025-12-14,531,EU,FR,web,Toys,1,26.36,17.33,0
4449,2025-12-14,672,North America,CA,web,Electronics,1,204.86,168.05,0
4450,2025-12-14,1371,EU,PL,app,Electronics,1,254.76,219.15,0
4451,2025-12-14,743,North America,US,web,Fashion,1,50.27,26.76,0
4452,2025-12-14,1378,EU,GB,partner,Grocery,1,28.56,23.19,0
4453,2025-12-14,1154,APAC,AU,retail,Toys,4,112.21,68.47,0
4454,2025-12-14,1047,EU,GB,partner,Electronics,4,794.77,686.78,0
4455,2025-12-14,292,EU,GB,web,Fashion,6,259.38,154.23,0
4456,2025-12-14,345,North America,US,retail,Grocery,2,47.29,43.27,0
4457,2025-12-14,881,North America,CA,app,Fashion,1,62.98,32.24,0
4458,2025-12-14,973,North America,US,web,Electronics,4,1320.57,1055.32,0
4459,2025-12-15,1047,EU,GB,retail,Toys,6,180.55,103.38,0
4460,2025-12-15,1298,APAC,AU,app,Electronics,1,168.46,135.54,0
4461,2025-12-15,895,EU,GB,web,Fashion,5,218.2,119.76,0
4462,2025-12-15,1398,APAC,JP,retail,Beauty,3,92.98,40.68,0
4463,2025-12-15,51,APAC,IN,app,Grocery,2,40.88,37.18,0
4464,2025-12-15,409,EU,GB,web,Toys,4,102.1,63.67,0
4465,2025-12-15,352,APAC,IN,partner,Electronics,1,178.13,154.97,0
4466,2025-12-15,1317,LATAM,BR,web,Home,1,101.91,72.64,0
4467,2025-12-15,1400,North America,US,partner,Home,2,168.37,109.69,0
4468,2025-12-15,272,North America,MX,web,Toys,4,141.07,86.8,0
4469,2025-12-16,320,APAC,IN,app,Fashion,1,54.79,31.21,0
4470,2025-12-16,403,EU,FR,web,Sports,1,72.05,45.15,0
4471,2025-12-16,892,EU,IT,retail,Grocery,1,24.67,19.93,0
4472,2025-12-16,32,EU,GB,web,Home,4,269.28,178.56,0
4473,2025-12-16,520,EU,ES,retail,Fashion,2,134.18,72.82,0
4474,2025-12-16,354,EU,PL,web,Fashion,2,87.53,47.03,0
4475,2025-12-16,1086,APAC,IN,retail,Sports,2,152.56,91.13,0
4476,2025-12-16,279,North America,MX,retail,Sports,1,64.95,43.74,0
4477,2025-12-16,645,APAC,JP,retail,Electronics,3,595.15,502.41,1
4478,2025-12-16,401,EU,GB,partner,Sports,1,66.91,40.88,0
4479,2025-12-16,1445,North America,CA,partner,Books,1,23.54,15.63,0
4480,2025-12-16,421,North America,MX,app,Electronics,1,324.81,292.63,0
4481,2025-12-16,1447,North America,CA,web,Home,3,350.67,240.02,0
4482,2025-12-16,920,North America,CA,web,Electronics,2,665.27,588.5,0
4483,2025-12-16,56,EU,ES,retail,Toys,1,33.98,21.06,0
4484,2025-12-16,541,North America,US,web,Fashion,1,76.45,39.94,1
4485,2025-12-16,1319,EU,ES,web,Fashion,1,46.81,25.5,0
4486,2025-12-16,1205,APAC,AU,app,Electronics,1,171.92,139.66,0
4487,2025-12-16,1302,North America,CA,app,Electronics,4,1123.71,933.84,0
4488,2025-12-16,1209,EU,GB,app,Electronics,1,282.68,242.94,0
4489,2025-12-17,1249,North America,US,app,Books,1,16.17,10.73,0
4490,2025-12-17,412,EU,IT,app,Home,1,92.63,68.11,0
4491,2025-12-17,1312,EU,IT,web,Toys,4,147.48,83.7,0
4492,2025-12-17,1277,APAC,AU,web,Home,1,71.68,45.42,0
4493,2025-12-17,519,EU,GB,app,Books,1,14.42,11.26,0
4494,2025-12-17,1448,EU,NL,app,Home,1,100.98,73.88,0
4495,2025-12-17,1349,North America,MX,app,Electronics,1,273.87,217.38,0
4496,2025-12-17,44,APAC,IN,web,Beauty,1,34.15,15.21,0
4497,2025-12-17,1207,North America,CA,app,Beauty,3,147.37,65.84,0
4498,2025-12-17,253,EU,GB,app,Fashion,1,70.47,42.52,0
4499,2025-12-17,1322,North America,US,web,Beauty,1,49.36,22.1,0
4500,2025-12-17,376,EU,NL,web,Fashion,1,65.69,32.73,0
4501,2025-12-17,1063,North America,US,app,Fashion,4,320.48,165.34,1
4502,2025-12-18,557,North America,MX,web,Fashion,1,71.5,35.95,0
4503,2025-12-18,39,North America,CA,app,Grocery,4,142.33,122.78,0
4504,2025-12-18,703,LATAM,CO,retail,Sports,2,144.66,85.6,0
4505,2025-12-18,328,EU,IT,partner,Home,3,197.36,141.78,0
4506,2025-12-18,316,North America,MX,web,Sports,1,69.85,41.99,0
4507,2025-12-18,1401,North America,MX,web,Grocery,1,24.7,21.99,0
4508,2025-12-18,246,North America,US,partner,Home,1,81.91,51.44,0
4509,2025-12-18,1454,LATAM,CL,web,Toys,1,35.19,21.88,0
4510,2025-12-18,807,EU,FR,web,Books,6,102.85,76.03,0
4511,2025-12-18,1226,North America,US,web,Sports,3,193.46,114.17,0
4512,2025-12-18,1469,EU,IT,web,Home,4,247.92,155.16,0
4513,2025-12-18,1140,EU,FR,app,Electronics,1,265.58,229.74,0
4514,2025-12-18,782,LATAM,BR,partner,Grocery,3,74.89,62.83,0
4515,2025-12-19,973,North America,US,retail,Home,2,146.38,98.79,0
4516,2025-12-19,267,North America,US,partner,Home,4,463.95,341.58,0
4517,2025-12-19,777,EU,IT,web,Electronics,2,461.86,406.23,0
4518,2025-12-19,1477,North America,CA,retail,Grocery,6,165.93,154.67,0
4519,2025-12-19,1137,APAC,KR,retail,Beauty,3,74.52,36.25,0
4520,2025-12-19,69,APAC,SG,web,Fashion,2,139.89,72.69,0
4521,2025-12-19,309,APAC,JP,app,Toys,4,98.98,58.19,0
4522,2025-12-19,1019,North America,US,web,Grocery,1,21.75,18.76,0
4523,2025-12-19,958,North America,US,retail,Beauty,1,39.05,19.75,0
4524,2025-12-19,785,North America,MX,app,Sports,4,265.44,155.31,0
4525,2025-12-19,608,APAC,SG,web,Home,4,394.24,287.85,0
4526,2025-12-19,412,EU,IT,web,Fashion,1,53.81,28.45,0
4527,2025-12-19,3,EU,ES,web,Sports,1,53.35,31.25,0
4528,2025-12-19,232,EU,FR,retail,Home,1,107.63,72.54,0
4529,2025-12-20,435,EU,ES,app,Beauty,1,25.69,11.99,0
4530,2025-12-20,35,North America,US,web,Electronics,1,203.29,162.22,0
4531,2025-12-20,1052,North America,MX,app,Toys,1,26.79,16.57,0
4532,2025-12-20,564,EU,GB,web,Beauty,1,27.38,11.98,0
4533,2025-12-20,147,North America,MX,app,Home,1,120.24,86.36,0
4534,2025-12-20,1173,EU,ES,web,Grocery,1,20.83,17.72,0
4535,2025-12-20,1256,EU,GB,app,Beauty,1,32.95,15.05,0
4536,2025-12-20,719,EU,NL,web,Toys,1,31.06,17.57,0
4537,2025-12-20,929,EU,PL,app,Grocery,1,20.24,18.78,0
4538,2025-12-20,1104,APAC,SG,web,Sports,1,74.09,45.18,0
4539,2025-12-20,144,EU,GB,retail,Grocery,4,121.46,112.31,0
4540,2025-12-20,1026,North America,CA,partner,Home,1,99.72,65.67,0
4541,2025-12-20,1138,EU,ES,web,Beauty,1,41.17,18.68,0
4542,2025-12-20,589,North America,MX,retail,Books,1,24.07,18.66,0
4543,2025-12-21,1278,EU,NL,app,Toys,3,114.18,68.83,0
4544,2025-12-21,1273,LATAM,CL,web,Books,5,88.35,58.07,0
4545,2025-12-21,151,North America,MX,retail,Electronics,2,404.82,316.42,0
4546,2025-12-21,581,EU,ES,web,Toys,4,146.98,92.87,0
4547,2025-12-21,953,APAC,IN,web,Electronics,5,1105.57,858.44,0
4548,2025-12-21,895,EU,GB,web,Books,4,83.33,56.24,0
4549,2025-12-21,1339,APAC,JP,web,Books,1,23.31,17.6,0
4550,2025-12-21,1326,APAC,AU,retail,Fashion,6,310.43,163.99,0
4551,2025-12-21,1076,North America,US,web,Toys,1,38.81,22.33,0
4552,2025-12-21,1241,North America,CA,app,Home,1,113.19,74.0,0
4553,2025-12-21,396,LATAM,CL,app,Grocery,2,53.9,44.4,0
4554,2025-12-21,1370,EU,PL,retail,Grocery,1,28.44,24.6,0
4555,2025-12-21,706,North America,CA,app,Electronics,1,331.47,266.99,0
4556,2025-12-22,1452,North America,US,web,Electronics,3,820.86,727.52,0
4557,2025-12-22,1215,North America,CA,app,Books,1,25.38,17.7,0
4558,2025-12-22,1284,North America,US,web,Electronics,1,189.83,143.77,0
4559,2025-12-22,313,EU,DE,app,Grocery,4,73.73,67.02,0
4560,2025-12-22,1164,North America,CA,app,Home,1,117.13,76.07,0
4561,2025-12-22,1447,North America,CA,app,Beauty,1,47.67,23.83,0
4562,2025-12-22,225,North America,CA,web,Home,4,397.31,270.03,0
4563,2025-12-22,1467,LATAM,BR,app,Grocery,1,19.78,16.89,0
4564,2025-12-22,1230,North America,MX,partner,Electronics,1,297.63,247.51,0
4565,2025-12-22,1040,EU,PL,web,Books,5,109.2,78.13,0
4566,2025-12-22,335,APAC,KR,web,Toys,2,71.35,40.25,0
4567,2025-12-22,1131,EU,ES,web,Grocery,2,51.49,40.04,0
4568,2025-12-22,375,EU,DE,app,Sports,1,70.64,44.88,0
4569,2025-12-22,463,APAC,KR,app,Toys,3,67.68,37.95,0
4570,2025-12-22,161,North America,US,web,Beauty,1,37.16,17.42,0
4571,2025-12-23,227,EU,PL,retail,Fashion,1,50.94,26.42,0
4572,2025-12-23,1463,North America,MX,retail,Grocery,1,32.28,26.96,0
4573,2025-12-23,1391,EU,NL,app,Fashion,1,54.79,32.75,0
4574,2025-12-23,1389,North America,CA,retail,Grocery,1,33.76,28.18,0
4575,2025-12-23,254,North America,MX,web,Sports,5,443.24,289.58,0
4576,2025-12-23,1472,LATAM,CL,web,Fashion,1,42.5,24.28,0
4577,2025-12-23,1330,North America,US,partner,Home,1,80.42,54.78,1
4578,2025-12-23,455,LATAM,AR,retail,Beauty,4,176.15,78.83,0
4579,2025-12-23,658,EU,ES,web,Books,1,20.67,13.84,0
4580,2025-12-23,455,LATAM,AR,app,Beauty,4,177.36,85.93,0
4581,2025-12-23,370,North America,MX,app,Books,7,153.51,100.97,0
4582,2025-12-23,1247,North America,MX,retail,Fashion,4,306.54,169.5,1
4583,2025-12-23,328,EU,IT,app,Electronics,1,257.59,192.06,0
4584,2025-12-24,853,EU,NL,app,Grocery,4,85.32,77.1,0
4585,2025-12-24,1105,EU,DE,app,Home,1,78.24,51.61,0
4586,2025-12-24,954,North America,US,app,Grocery,4,77.04,71.77,0
4587,2025-12-24,1198,EU,IT,web,Grocery,2,47.33,40.82,0
4588,2025-12-24,500,North America,MX,retail,Toys,4,129.31,84.35,0
4589,2025-12-24,963,APAC,JP,app,Books,1,15.82,12.36,0
4590,2025-12-24,550,North America,MX,web,Fashion,3,143.84,78.46,0
4591,2025-12-24,1329,EU,FR,web,Books,1,16.64,11.03,0
4592,2025-12-24,1128,EU,IT,web,Books,2,28.31,20.55,0
4593,2025-12-24,932,North America,US,app,Books,1,20.05,15.56,0
4594,2025-12-24,902,North America,CA,app,Books,4,94.6,62.31,0
4595,2025-12-24,1296,EU,NL,web,Beauty,1,32.9,14.9,0
4596,2025-12-25,225,North America,CA,retail,Beauty,1,36.98,19.22,0
4597,2025-12-25,617,EU,PL,partner,Electronics,3,741.51,668.52,0
4598,2025-12-25,1213,North America,MX,web,Grocery,1,30.85,23.74,0
4599,2025-12-25,986,APAC,AU,web,Books,2,43.27,28.17,0
4600,2025-12-25,1437,EU,GB,retail,Books,1,13.31,9.37,0
4601,2025-12-25,1097,EU,NL,app,Sports,1,76.58,50.98,0
4602,2025-12-25,1470,APAC,JP,app,Sports,1,75.19,50.61,0
4603,2025-12-25,1333,APAC,JP,web,Electronics,4,1220.9,1063.98,0
4604,2025-12-25,693,LATAM,AR,web,Toys,1,37.39,20.45,0
4605,2025-12-25,830,EU,IT,retail,Electronics,1,250.57,203.19,0
4606,2025-12-25,1450,EU,DE,retail,Home,4,329.14,209.18,0
4607,2025-12-25,1268,EU,NL,partner,Electronics,1,243.18,201.73,0
4608,2025-12-25,1158,North America,US,web,Electronics,1,199.46,150.37,0
4609,2025-12-25,504,North America,MX,web,Fashion,2,139.35,69.76,1
4610,2025-12-25,240,EU,GB,web,Beauty,4,113.33,58.76,0
4611,2025-12-25,1314,North America,MX,web,Beauty,4,171.51,90.36,0
4612,2025-12-25,404,APAC,IN,web,Sports,1,82.64,56.48,0
4613,2025-12-25,538,North America,CA,retail,Beauty,3,110.29,52.99,0
4614,2025-12-26,756,North America,US,app,Grocery,1,23.98,20.44,0
4615,2025-12-26,814,EU,PL,web,Grocery,1,19.15,16.26,0
4616,2025-12-26,580,EU,ES,web,Sports,1,87.6,55.94,0
4617,2025-12-26,1150,APAC,SG,app,Toys,1,24.04,13.47,0
4618,2025-12-26,1136,EU,FR,web,Sports,2,147.15,89.78,0
4619,2025-12-26,1062,EU,PL,retail,Sports,1,88.92,53.58,1
4620,2025-12-26,379,North America,CA,app,Beauty,6,218.0,103.78,0
4621,2025-12-26,930,North America,US,app,Fashion,9,554.91,284.04,0
4622,2025-12-26,757,APAC,KR,web,Electronics,3,664.63,554.99,1
4623,2025-12-26,1329,EU,FR,web,Books,1,15.4,11.95,0
4624,2025-12-26,1328,North America,US,app,Sports,1,85.62,53.98,0
4625,2025-12-26,51,APAC,IN,app,Electronics,1,178.78,158.79,0
4626,2025-12-26,572,EU,NL,web,Beauty,2,63.8,27.99,0
4627,2025-12-27,1169,APAC,KR,app,Beauty,4,179.25,83.07,0
4628,2025-12-27,1161,North America,US,app,Beauty,1,32.88,16.91,0
4629,2025-12-27,450,EU,NL,web,Fashion,1,56.2,28.29,0
4630,2025-12-27,312,LATAM,AR,retail,Grocery,1,23.98,18.94,0
4631,2025-12-27,1257,EU,IT,app,Grocery,1,18.71,16.04,0
4632,2025-12-27,1459,EU,IT,web,Beauty,4,144.87,70.1,0
4633,2025-12-27,133,APAC,SG,web,Grocery,1,22.46,18.07,0
4634,2025-12-27,578,EU,IT,web,Fashion,1,67.8,34.95,0
4635,2025-12-27,1292,North America,CA,web,Fashion,1,56.82,33.41,0
4636,2025-12-27,107,North America,CA,partner,Fashion,4,252.66,128.89,0
4637,2025-12-27,132,North America,US,retail,Toys,4,148.18,84.28,0
4638,2025-12-27,28,APAC,IN,retail,Sports,1,60.47,35.49,0
4639,2025-12-27,1226,North America,US,app,Sports,1,92.38,56.39,0
4640,2025-12-28,275,EU,NL,app,Sports,1,63.26,43.24,0
4641,2025-12-28,986,APAC,AU,app,Fashion,1,57.56,31.3,0
4642,2025-12-28,1276,LATAM,BR,partner,Home,1,60.67,39.8,0
4643,2025-12-28,306,EU,GB,app,Toys,1,28.6,17.08,0
4644,2025-12-28,806,North America,CA,web,Toys,3,127.09,72.38,0
4645,2025-12-28,1088,APAC,SG,app,Books,1,15.14,10.63,0
4646,2025-12-28,368,North America,US,app,Books,1,25.48,17.2,0
4647,2025-12-28,1152,EU,DE,retail,Electronics,1,170.54,141.71,0
4648,2025-12-28,1011,EU,FR,app,Grocery,3,66.06,52.73,0
4649,2025-12-28,369,EU,GB,retail,Electronics,4,1104.19,872.79,0
4650,2025-12-28,1059,North America,MX,app,Beauty,1,41.96,18.76,0
4651,2025-12-28,603,North America,US,web,Toys,3,96.96,58.37,0
4652,2025-12-28,1413,EU,DE,app,Electronics,1,168.25,125.17,0
4653,2025-12-29,789,North America,MX,partner,Home,1,70.97,48.42,0
4654,2025-12-29,965,APAC,IN,app,Fashion,1,53.18,26.47,0
4655,2025-12-29,904,EU,ES,web,Fashion,4,257.41,154.89,1
4656,2025-12-29,388,LATAM,CL,app,Electronics,4,758.16,632.65,0
4657,2025-12-29,307,North America,MX,app,Toys,1,28.18,16.18,0
4658,2025-12-29,992,APAC,AU,retail,Fashion,1,56.69,29.78,0
4659,2025-12-29,189,EU,NL,app,Home,6,369.52,239.53,0
4660,2025-12-29,1263,North America,US,web,Beauty,1,36.85,19.22,0
4661,2025-12-29,788,North America,CA,partner,Beauty,2,54.92,24.25,0
4662,2025-12-29,1304,North America,CA,retail,Toys,1,42.68,24.36,0
4663,2025-12-29,573,EU,IT,web,Beauty,1,36.11,18.92,0
4664,2025-12-29,403,EU,FR,retail,Fashion,1,69.51,36.77,0
4665,2025-12-29,711,LATAM,CO,web,Fashion,4,288.93,148.14,1
4666,2025-12-29,136,North America,CA,web,Home,1,118.01,74.68,0
4667,2025-12-29,1384,EU,GB,retail,Fashion,4,191.19,108.13,0
4668,2025-12-29,1288,North America,US,app,Fashion,1,59.01,29.66,0
4669,2025-12-29,286,APAC,JP,retail,Home,1,61.62,38.01,0
4670,2025-12-30,37,EU,IT,app,Grocery,1,22.58,19.87,0
4671,2025-12-30,5,EU,DE,web,Toys,1,32.34,18.25,0
4672,2025-12-30,85,EU,FR,web,Toys,5,126.37,79.82,0
4673,2025-12-30,178,EU,IT,web,Sports,5,351.89,221.04,0
4674,2025-12-30,1317,LATAM,BR,web,Beauty,1,43.47,20.68,1
4675,2025-12-30,468,North America,MX,web,Beauty,3,106.3,46.75,1
4676,2025-12-30,148,APAC,IN,web,Toys,1,29.5,19.26,0
4677,2025-12-30,1187,North America,MX,app,Sports,1,67.62,41.11,0
4678,2025-12-30,1278,EU,NL,web,Grocery,1,31.77,25.06,0
4679,2025-12-30,712,EU,FR,app,Books,4,76.48,52.31,0
4680,2025-12-30,1264,North America,US,retail,Toys,1,42.17,24.73,0
4681,2025-12-31,1087,APAC,IN,web,Grocery,4,125.54,102.71,0
4682,2025-12-31,111,North America,CA,web,Books,1,19.7,13.42,0
4683,2025-12-31,1210,EU,ES,web,Books,1,22.58,17.53,0
4684,2025-12-31,446,APAC,JP,partner,Toys,1,32.7,19.92,0
4685,2025-12-31,17,North America,CA,web,Fashion,1,69.18,40.87,0
4686,2025-12-31,974,EU,ES,app,Toys,2,49.05,28.69,0
4687,2025-12-31,20,EU,DE,app,Toys,1,22.83,12.9,0
4688,2025-12-31,329,EU,GB,app,Fashion,1,77.53,41.75,0
4689,2025-12-31,634,LATAM,BR,retail,Books,1,19.27,14.2,0
4690,2025-12-31,1099,North America,US,retail,Home,2,224.58,142.9,0
4691,2025-12-31,158,LATAM,CL,app,Sports,1,88.22,61.26,0
4692,2025-12-31,174,EU,IT,web,Sports,1,69.19,47.59,1
4693,2025-12-31,1211,North America,MX,app,Home,1,83.96,62.64,0
4694,2025-12-31,363,EU,ES,retail,Books,1,20.5,13.74,0
